Id,Date,Time,League,Round,Home,Away,Odd_H_HT,Odd_D_HT,Odd_A_HT,Odd_Over05_HT,Odd_Under05_HT,Odd_Over15_HT,Odd_Under15_HT,Odd_Over25_HT,Odd_Under25_HT,Odd_H_FT,Odd_D_FT,Odd_A_FT,Odd_Over05_FT,Odd_Under05_FT,Odd_Over15_FT,Odd_Under15_FT,Odd_Over25_FT,Odd_Under25_FT,Odd_Over35_FT,Odd_Under35_FT,Odd_Over45_FT,Odd_Under45_FT,Odd_BTTS_Yes,Odd_BTTS_No,Odd_1X_FT,Odd_12_FT,Odd_X2_FT
fkS9lan4,2026-02-21,00:06,MEXICO 1 WOM,Clausura,Santos Laguna W,Toluca W,5.3,2.42,1.9,1.27,3.2,2.02,1.57,5.3,1.12,5.7,4.2,1.44,1.03,13.0,1.16,4.0,1.55,2.05,2.05,1.62,4.2,1.16,1.64,1.9,2.45,1.18,1.12
YJFTwhq2,2026-02-21,00:06,MEXICO 1,Clausura,Puebla,Club America,6.0,2.2,2.2,1.44,2.63,3.0,1.36,9.0,1.07,5.5,3.8,1.57,1.06,10.0,1.33,3.25,2.08,1.73,3.75,1.25,8.0,1.08,2.05,1.7,2.25,1.25,1.14
OCUVMz2D,2026-02-21,01:00,AUSTRALIA 1,Round 18,Wellington Phoenix,Auckland FC,4.33,2.38,2.38,1.3,3.4,2.38,1.53,6.0,1.13,4.0,3.8,1.79,1.04,13.0,1.22,4.33,1.67,2.2,2.75,1.44,5.0,1.17,1.62,2.2,1.91,1.25,1.22
YkM24yqm,2026-02-21,01:00,Australia - Victoria Premier League,Round 2,Langwarrin,Melbourne Srbija,3.55,2.52,2.27,1.19,4.2,1.95,1.67,3.8,1.22,3.35,4.2,1.8,0.0,0.0,1.07,5.9,1.36,2.67,1.87,1.75,2.82,1.33,1.39,2.57,1.95,1.2,1.27
tGPA2FDa,2026-02-21,01:00,Australia - Victoria Premier League,Round 2,North Sunshine Eagles,North Geelong,2.07,2.6,3.9,1.18,4.17,1.88,1.72,3.51,1.24,1.65,4.45,3.9,0.0,0.0,0.0,0.0,1.32,2.85,1.78,1.83,2.65,1.37,1.38,2.6,1.22,1.18,2.18
2VDJ0grC,2026-02-21,01:15,Australia - Victoria Premier League,Round 2,Manningham United Blues,Brunswick City,2.67,2.52,2.87,1.16,4.6,1.9,1.72,3.5,1.26,2.25,4.1,2.5,0.0,0.0,1.05,6.45,1.33,2.8,1.8,1.8,2.67,1.36,1.33,2.77,1.44,1.21,1.62
QDtnnS2d,2026-02-21,02:00,JAPAN 1,Round 3,Yokohama F. Marinos,Urawa Reds,3.4,2.2,3.0,1.36,3.0,2.63,1.44,7.0,1.1,2.75,3.4,2.4,1.05,11.0,1.25,3.75,1.85,1.95,3.0,1.36,6.0,1.13,1.67,2.1,1.53,1.3,1.4
h0rvllYq,2026-02-21,02:00,JAPAN 1,Round 3,Verdy,Machida,4.75,1.91,2.88,1.57,2.25,3.75,1.25,13.0,1.04,3.9,3.1,2.05,1.13,6.0,1.53,2.38,2.7,1.44,5.5,1.14,13.0,1.04,2.2,1.62,1.73,1.36,1.22
IPMfNRkf,2026-02-21,02:00,JAPAN J2/J3 LEAGUE,Round 3,Fujieda MYFC,Kofu,3.3,2.1,3.0,1.33,3.0,2.88,1.36,7.5,1.06,2.63,3.25,2.4,1.02,10.0,1.25,3.6,1.85,1.85,3.3,1.29,7.0,1.07,1.65,2.1,1.5,1.3,1.4
dAYoPmLs,2026-02-21,02:00,JAPAN J2/J3 LEAGUE,Round 3,Iwata,Yamaga,2.3,2.2,4.5,1.33,3.0,2.75,1.4,7.0,1.07,1.7,3.5,4.33,1.02,10.0,1.25,3.6,1.85,1.85,3.2,1.3,6.5,1.08,1.75,1.95,1.2,1.29,2.0
SfrGU9cK,2026-02-21,02:00,JAPAN J2/J3 LEAGUE,Round 3,Nagano,Hokkaido Consadole Sapporo,5.0,2.2,2.1,1.33,3.0,2.88,1.36,7.5,1.06,5.0,3.6,1.57,1.02,10.0,1.25,3.6,1.85,1.85,3.3,1.29,7.0,1.07,1.91,1.8,2.3,1.22,1.13
QkQ2L5K6,2026-02-21,02:00,JAPAN J2/J3 LEAGUE,Round 3,Nara Club,Ehime,3.4,2.1,2.88,1.33,3.0,2.88,1.36,7.5,1.06,2.75,3.1,2.38,1.02,10.0,1.25,3.3,1.91,1.8,3.3,1.29,7.0,1.07,1.73,2.0,1.57,1.29,1.36
r78CAl6l,2026-02-21,02:00,JAPAN J2/J3 LEAGUE,Round 3,Omiya Ardija,Fukushima Utd,1.62,2.8,7.0,1.2,4.0,2.2,1.6,5.2,1.13,1.22,5.0,9.5,1.01,17.0,1.11,5.5,1.45,2.55,2.25,1.57,4.0,1.2,1.85,1.85,1.05,1.13,3.75
nN7sGArR,2026-02-21,02:00,JAPAN J2/J3 LEAGUE,Round 3,Kusatsu,Montedio Yamagata,4.2,2.1,2.4,1.33,3.0,2.88,1.36,7.5,1.06,3.75,3.3,1.9,1.02,10.0,1.25,3.3,1.91,1.8,3.3,1.29,7.0,1.07,1.75,1.95,1.83,1.25,1.22
Cn0T665D,2026-02-21,02:00,JAPAN J2/J3 LEAGUE,Round 3,Sagamihara,Blaublitz,5.0,2.25,2.1,1.33,3.0,2.88,1.36,7.5,1.06,5.0,3.6,1.57,1.02,10.0,1.25,3.6,1.85,1.85,3.3,1.29,7.0,1.07,1.85,1.85,2.3,1.22,1.13
CpVMQ0dn,2026-02-21,02:00,JAPAN J2/J3 LEAGUE,Round 3,Ryukyu,Reilac Shiga,2.5,2.2,3.75,1.3,3.2,2.6,1.44,7.0,1.07,1.91,3.3,3.5,1.01,11.0,1.22,3.8,1.75,1.95,3.0,1.33,5.5,1.11,1.65,2.1,1.25,1.25,1.8
AFkXGzXO,2026-02-21,02:00,JAPAN WE LEAGUE WOM,Round 16,C-Osaka W,Albirex Niigata W,2.95,1.93,3.65,1.47,2.22,3.14,1.28,8.2,1.04,2.3,3.0,2.95,1.05,7.8,1.37,2.72,2.1,1.57,3.75,1.18,8.3,1.04,1.85,1.69,1.33,1.32,1.5
jgyrDAGD,2026-02-21,02:00,Australia - NPL Queensland,Round 1,Magic United,Gold Coast Utd,3.3,2.3,2.63,1.25,3.5,2.25,1.57,5.5,1.13,2.88,3.5,2.15,1.01,15.0,1.17,5.0,1.57,2.38,2.55,1.5,4.5,1.2,1.5,2.5,1.62,1.22,1.36
vZ1L8Sz1,2026-02-21,02:00,JAPAN J2/J3 LEAGUE,Round 3,Shonan Bellmare,Vanraure,2.4,2.1,4.2,1.38,2.8,2.8,1.39,6.7,1.07,1.8,3.3,4.0,1.03,9.0,1.29,3.3,1.95,1.75,3.3,1.29,7.0,1.07,1.8,1.91,1.22,1.25,1.83
MHJBJqkJ,2026-02-21,02:00,JAPAN J2/J3 LEAGUE,Round 3,Tegevajaro Miyazaki,Sagan Tosu,3.3,2.2,2.88,1.3,3.2,2.75,1.4,7.0,1.07,2.7,3.25,2.3,1.01,11.0,1.22,3.8,1.75,1.95,3.0,1.33,6.5,1.08,1.6,2.2,1.57,1.25,1.4
pCv9nUal,2026-02-21,02:30,AUSTRALIA 1 WOM,Round 18,Canberra W,WS Wanderers W,2.0,2.3,5.5,1.3,3.3,2.6,1.44,7.0,1.07,1.47,3.9,5.5,1.01,11.0,1.22,3.8,1.75,1.95,3.0,1.33,5.5,1.11,1.85,1.85,1.11,1.2,2.4
25vH4uAr,2026-02-21,02:30,AUSTRALIA NSW LEAGUE ONE,Round 3,Macarthur Rams,Rydalmere Lions,3.0,2.37,2.7,1.18,4.3,1.98,1.6,3.9,1.22,2.55,3.65,2.25,0.0,0.0,1.11,5.25,1.37,2.66,1.95,1.67,3.14,1.27,1.35,2.86,1.52,1.24,1.4
tMOY9Vf3,2026-02-21,02:30,JAPAN 1,Round 3,Shimizu S-Pulse,Vissel Kobe,5.5,2.25,2.25,1.36,3.0,2.75,1.4,8.0,1.08,5.25,3.75,1.61,1.06,10.0,1.29,3.5,1.95,1.85,3.4,1.3,6.5,1.11,1.91,1.91,2.2,1.25,1.17
nJRt89PF,2026-02-21,03:00,JAPAN 1,Round 3,Kawasaki Frontale,FC Tokyo,2.6,2.38,3.75,1.3,3.4,2.5,1.5,6.0,1.13,2.01,3.6,3.4,1.03,15.0,1.18,4.5,1.65,2.2,2.5,1.5,4.5,1.18,1.57,2.25,1.3,1.29,1.73
2mkHiwlL,2026-02-21,03:00,AUSTRALIA 1,Round 18,Sydney FC,Brisbane Roar,2.3,2.38,4.5,1.3,3.4,2.5,1.5,6.0,1.13,1.71,3.9,4.33,1.04,13.0,1.22,4.33,1.67,2.2,2.75,1.44,5.0,1.17,1.67,2.1,1.2,1.25,2.0
6RSHp8U0,2026-02-21,03:00,AUSTRALIA 1 WOM,Round 18,Newcastle W,Perth W,2.63,2.25,3.5,1.29,3.3,2.55,1.45,6.5,1.08,2.05,3.3,3.1,1.01,11.0,1.2,4.0,1.73,2.0,2.88,1.36,5.5,1.11,1.57,2.25,1.33,1.25,1.67
nZPalW4T,2026-02-21,03:00,Australia - NPL Northern NSW,Round 1,Valentine,Belmont Swansea Utd.,3.1,2.5,2.6,1.2,4.0,2.1,1.67,4.5,1.17,2.6,4.0,2.1,1.01,17.0,1.1,6.5,1.44,2.63,2.15,1.67,3.5,1.29,1.36,2.88,1.6,1.17,1.4
bZEuK2kT,2026-02-21,03:00,Australia - Queensland Premier League,Round 1,Sunshine Coast Wanderers,Redlands,2.45,2.37,3.4,1.21,3.35,2.12,1.57,4.0,1.14,1.98,3.85,3.1,1.02,16.0,1.14,4.9,1.47,2.35,2.12,1.57,3.3,1.24,1.45,2.37,1.31,1.22,1.8
j9BXLOKG,2026-02-21,03:00,Australia - Queensland Premier League,Round 1,Robina City,Ipswich,1.95,2.42,5.2,1.25,3.34,2.25,1.5,4.8,1.15,1.47,4.4,5.5,1.01,11.5,1.13,4.55,1.55,2.15,2.27,1.5,3.65,1.2,1.7,1.93,1.13,1.18,2.6
8YFk6mfS,2026-02-21,03:00,JAPAN 1,Round 3,Nagoya Grampus,V-Varen Nagasaki,2.5,2.2,4.33,1.36,3.0,2.75,1.4,7.0,1.1,1.81,3.5,4.2,1.06,10.0,1.25,3.75,1.9,1.9,3.25,1.33,6.5,1.11,1.75,2.0,1.22,1.29,1.91
ncOfw5me,2026-02-21,03:15,AUSTRALIA NPL NSW,Round 3,UNSW,SD Raiders,3.1,2.4,2.75,1.22,3.75,2.25,1.57,5.0,1.14,2.7,3.7,2.2,1.01,17.0,1.14,5.5,1.5,2.55,2.38,1.57,4.2,1.22,1.44,2.63,1.57,1.22,1.4
zXJlanAE,2026-02-21,03:30,AUSTRALIA NPL NSW,Round 3,NWS Spirit,Sydney FC U23,2.4,2.4,3.5,1.22,3.75,2.2,1.62,5.0,1.14,1.91,3.8,3.3,1.01,17.0,1.13,6.0,1.47,2.63,2.25,1.62,3.8,1.25,1.44,2.63,1.25,1.2,1.8
KOy2yqI7,2026-02-21,03:30,AUSTRALIA NPL NSW,Round 3,Sutherland Sharks,St George Saints,2.63,2.25,3.5,1.3,3.2,2.5,1.5,6.0,1.11,2.1,3.4,3.1,1.02,13.0,1.2,4.33,1.73,2.1,2.88,1.4,5.5,1.14,1.57,2.25,1.33,1.25,1.62
vH6L0RHk,2026-02-21,04:00,JAPAN 1,Round 3,Kashima Antlers,Kashiwa Reysol,3.25,2.1,3.25,1.4,2.75,3.0,1.36,8.0,1.08,2.57,3.3,2.57,1.06,10.0,1.3,3.4,2.0,1.8,3.5,1.29,7.0,1.1,1.75,2.0,1.44,1.33,1.44
IJeCEtDj,2026-02-21,04:00,Australia - Queensland Premier League,Round 1,Capalaba,Caboolture,3.75,2.67,2.07,1.13,5.1,1.75,1.85,3.1,1.31,3.8,4.45,1.65,1.01,28.0,1.06,8.5,1.24,3.25,1.6,2.05,2.27,1.5,1.3,2.92,2.15,1.18,1.22
IaTTzE8K,2026-02-21,04:00,Australia - NPL Queensland,Round 1,Rochedale,Wynnum Wolves,3.3,2.4,2.5,1.22,3.75,2.2,1.62,5.0,1.14,2.9,3.7,2.05,1.01,17.0,1.14,5.5,1.47,2.63,2.3,1.6,4.1,1.22,1.4,2.75,1.67,1.22,1.33
WpWX0c97,2026-02-21,04:30,AUSTRALIA NSW LEAGUE ONE,Round 3,Northern Tigers,Bankstown City Lions,2.5,2.37,3.25,1.24,3.53,2.07,1.55,4.26,1.17,2.02,3.8,2.85,0.0,0.0,1.13,5.1,1.43,2.46,2.1,1.57,3.58,1.21,1.42,2.59,1.34,1.22,1.65
d8BVrASj,2026-02-21,05:00,Australia - NPL Northern NSW,Round 1,Weston Bears,Newcastle Olympic,2.05,2.63,4.0,1.2,4.0,2.1,1.67,4.5,1.17,1.62,4.33,3.9,1.02,16.5,1.1,6.5,1.44,2.63,2.0,1.8,3.25,1.33,1.4,2.75,1.18,1.14,2.1
023tXcJl,2026-02-21,05:00,Australia - NPL Victoria,Round 2,Dandenong Thunder,Heidelberg Utd,5.0,2.3,2.0,1.3,3.2,2.5,1.5,6.0,1.11,5.0,4.0,1.57,1.02,13.0,1.2,4.33,1.73,2.1,2.88,1.4,5.5,1.14,1.67,2.1,2.3,1.2,1.13
UFbazOZ9,2026-02-21,05:00,Australia - Queensland Premier League,Round 1,Brisbane Strikers,North Star,1.78,2.77,5.1,1.14,4.9,1.82,1.78,3.4,1.27,1.38,5.2,5.8,1.01,25.0,1.09,5.6,1.28,3.05,1.7,1.93,2.45,1.42,1.45,2.37,1.12,1.14,2.92
ngEKO01E,2026-02-21,05:00,AUSTRALIA NSW LEAGUE ONE,Round 3,Bulls Academy,Hills United,2.5,2.37,3.25,1.18,4.3,1.95,1.62,3.8,1.23,2.05,3.7,2.87,0.0,0.0,1.11,5.25,1.36,2.7,1.93,1.7,3.08,1.28,1.35,2.86,1.34,1.23,1.62
K6CSMvWQ,2026-02-21,05:00,AUSTRALIA NSW LEAGUE ONE,Round 3,Canterbury Bankstown,Western City Rangers,2.82,2.32,2.92,1.21,3.9,2.1,1.53,4.3,1.18,2.35,3.65,2.45,0.0,0.0,0.0,0.0,1.48,2.42,2.12,1.57,3.35,1.22,1.4,2.66,1.44,1.24,1.47
OKSP2Jve,2026-02-21,05:00,AUSTRALIA NSW LEAGUE ONE,Round 3,Prospect United,Newcastle Jets U23,2.95,2.42,2.62,1.17,4.4,1.95,1.62,3.7,1.24,2.57,3.85,2.18,0.0,0.0,1.11,5.25,1.36,2.7,1.93,1.7,3.08,1.28,1.35,2.86,1.55,1.22,1.4
ADrbxp5c,2026-02-21,05:00,Australia - Queensland Premier League,Round 1,St. George Willawong,Broadbeach Utd.,3.55,2.35,2.42,1.17,4.4,1.93,1.7,3.6,1.25,3.3,3.6,1.95,1.01,19.0,1.09,5.6,1.34,2.75,1.8,1.8,2.7,1.36,1.31,2.9,1.8,1.25,1.32
zH90ViWs,2026-02-21,05:00,Australia - NPL Queensland,Round 1,Peninsula,Eastern Suburbs,2.0,2.5,4.5,1.2,4.0,2.1,1.67,4.5,1.17,1.57,4.2,4.6,1.01,15.0,1.13,6.0,1.44,2.7,2.15,1.67,3.5,1.29,1.5,2.5,1.14,1.17,2.25
8U78TV0f,2026-02-21,05:30,Australia - NPL Queensland,Round 1,Olympic FC,Queensland Lions,4.33,2.4,2.2,1.25,3.5,2.25,1.57,5.5,1.13,4.2,3.8,1.67,1.01,15.0,1.17,5.0,1.57,2.38,2.55,1.5,4.5,1.2,1.57,2.25,2.1,1.2,1.17
faqGpmeL,2026-02-21,05:30,AUSTRALIA NPL NSW,Round 3,Rockdale Ilinden,Blacktown City,2.8,2.38,3.1,1.22,3.75,2.25,1.57,5.0,1.14,2.25,3.5,2.75,1.01,17.0,1.14,5.5,1.5,2.55,2.38,1.57,4.2,1.22,1.44,2.63,1.4,1.22,1.53
YVumnHBr,2026-02-21,05:35,AUSTRALIA 1,Round 18,Melbourne City,Melbourne Victory,3.25,2.2,3.1,1.36,3.0,2.63,1.44,7.0,1.1,2.7,3.5,2.45,1.05,11.0,1.29,3.75,1.91,1.91,3.2,1.36,6.0,1.13,1.67,2.1,1.5,1.29,1.4
GYN1pQMj,2026-02-21,06:00,ROMANIA 2,Round 18,Poli Iasi,CSM Satu Mare,2.25,2.2,4.5,1.33,3.0,2.88,1.36,7.5,1.06,1.67,3.5,4.6,1.02,10.0,1.25,3.6,1.91,1.8,3.3,1.29,7.0,1.07,1.85,1.85,1.17,1.25,2.0
U1XRXnwo,2026-02-21,06:00,ROMANIA 2,Round 18,Metalul Buzau,FC Bacau,2.25,2.2,4.5,1.33,3.0,2.88,1.36,7.5,1.06,1.67,3.5,4.6,1.02,10.0,1.25,3.6,1.85,1.85,3.3,1.29,7.0,1.07,1.8,1.91,1.17,1.25,2.1
QmHUi8UG,2026-02-21,06:00,ROMANIA 2,Round 18,CSM Slatina,Campulung,2.0,2.5,4.5,1.2,4.0,2.2,1.6,5.2,1.13,1.5,4.2,5.0,1.01,17.0,1.11,5.5,1.45,2.55,2.25,1.57,4.0,1.2,1.57,2.25,1.14,1.2,2.4
fPryaPyp,2026-02-21,06:00,ROMANIA 2,Round 18,CSM Resita,Chindia Targoviste,3.0,2.0,3.5,1.4,2.75,3.2,1.3,8.0,1.05,2.3,3.0,2.9,1.05,8.0,1.33,3.0,2.1,1.65,4.0,1.2,8.0,1.05,1.8,1.91,1.36,1.3,1.53
pjXVknaT,2026-02-21,06:00,ROMANIA 2,Round 18,Afumati,CSC Dumbravita,2.25,2.2,4.5,1.3,3.2,2.75,1.4,7.0,1.07,1.67,3.6,4.6,1.01,11.0,1.25,3.6,1.85,1.85,3.2,1.3,6.5,1.08,1.75,1.95,1.17,1.25,2.1
d8PDejVi,2026-02-21,06:00,ROMANIA 2,Round 18,Gloria Bistrita,Ceahlaul,1.44,3.1,9.5,1.17,4.5,1.95,1.75,4.5,1.17,1.12,7.0,13.0,1.01,18.0,1.07,7.0,1.33,3.0,1.95,1.75,3.2,1.3,1.95,1.75,1.03,1.07,5.0
bgc54oEM,2026-02-21,07:00,ROMANIA 2,Round 18,CS Din. Bucuresti,Sepsi Sf. Gheorghe,7.5,2.4,1.8,1.3,3.2,2.75,1.4,7.0,1.07,8.5,4.4,1.3,1.01,11.0,1.25,3.6,1.85,1.85,3.3,1.29,6.5,1.08,2.2,1.6,3.1,1.17,1.06
rLCfoQFE,2026-02-21,07:00,Africa - COSAFA Cup Women,Round 2,Malawi W,Lesotho W,1.39,2.95,14.0,1.22,3.8,1.87,1.67,4.4,1.17,1.11,6.3,20.0,1.02,17.0,1.1,5.15,1.42,2.49,2.02,1.62,3.42,1.23,2.75,1.39,1.02,1.07,3.85
SOJ8xxbE,2026-02-21,07:30,BULGARIA 1,Round 22,Dobrudzha,Montana,2.5,2.1,5.0,1.44,2.63,3.25,1.33,10.0,1.06,1.76,3.3,4.75,1.08,7.5,1.36,3.0,2.25,1.62,4.0,1.22,9.0,1.07,2.0,1.73,1.18,1.33,1.95
vuDUKknQ,2026-02-21,07:30,TURKEY 2,Round 27,Igdir FK,Erokspor,3.1,2.25,3.25,1.33,3.25,2.63,1.44,7.0,1.1,2.45,3.3,2.6,1.05,11.0,1.25,3.75,1.83,1.98,3.0,1.36,6.0,1.13,1.67,2.1,1.44,1.3,1.5
4rjRVrAl,2026-02-21,07:30,TURKEY 1,Round 23,Eyupspor,Genclerbirligi,3.4,2.2,3.1,1.4,2.75,2.75,1.4,8.0,1.08,2.75,3.4,2.4,1.06,10.0,1.29,3.5,1.95,1.85,3.4,1.3,6.5,1.11,1.73,2.0,1.53,1.3,1.4
IDp6glXq,2026-02-21,07:30,AZERBAIJAN 1,Round 21,Karvan,Araz,5.0,2.1,2.2,1.36,2.88,2.88,1.36,7.5,1.06,4.75,3.4,1.67,1.05,9.0,1.33,3.25,2.05,1.75,3.8,1.25,8.0,1.07,2.0,1.73,2.1,1.22,1.13
xSrbtI9E,2026-02-21,08:00,SPAIN 1 WOM,Round 21,Madrid C. W,Alhama W,1.91,2.5,5.0,1.2,4.0,2.2,1.6,5.2,1.13,1.44,4.4,5.0,1.01,17.0,1.11,5.5,1.45,2.55,2.25,1.57,3.8,1.22,1.57,2.25,1.13,1.17,2.6
GQ5JSTGG,2026-02-21,08:00,GERMANY 1 WOM,Round 19,1.FC Nurnberg W,Jena W,2.46,2.29,3.76,0.0,0.0,2.33,1.46,0.0,0.0,1.92,3.35,3.3,0.0,0.0,1.19,3.65,1.66,1.97,2.63,1.37,4.5,1.12,1.56,2.12,1.22,1.21,1.66
b5FgVi1D,2026-02-21,08:00,SPAIN 1 WOM,Round 21,Levante W,Dep. La Coruna W,3.0,2.1,3.25,1.33,3.0,2.88,1.36,7.5,1.06,2.38,3.25,2.63,1.02,10.0,1.25,3.6,1.85,1.85,3.3,1.29,7.0,1.07,1.65,2.1,1.44,1.29,1.5
baIPlyek,2026-02-21,08:00,THAILAND 1,Round 22,Chiangrai Utd,Chonburi,2.88,2.1,3.3,1.33,3.0,2.75,1.4,6.5,1.08,2.25,3.2,2.9,1.04,11.0,1.29,3.5,1.9,1.87,3.4,1.3,6.5,1.1,1.67,2.1,1.36,1.25,1.53
YsxvQZjB,2026-02-21,08:00,UKRAINE 1,Round 17,Epitsentr,LNZ Cherkasy,5.0,2.0,2.3,1.4,2.75,3.2,1.3,8.0,1.05,4.4,3.25,1.75,1.05,8.0,1.33,3.0,2.2,1.6,4.0,1.2,8.0,1.05,2.0,1.73,2.0,1.25,1.17
fmGh68Ea,2026-02-21,08:00,PORTUGAL 3,Promotion Group,Santarem,Vitoria Guimaraes B,3.0,1.93,3.7,1.47,2.32,3.4,1.27,8.7,1.04,2.42,2.85,3.1,1.08,6.6,1.44,2.4,2.27,1.5,3.8,1.18,8.7,1.04,1.9,1.72,1.32,1.36,1.53
ILSoNrzB,2026-02-21,08:00,PORTUGAL 2,Round 23,Torreense,Benfica B,2.75,2.2,3.75,1.4,2.75,2.75,1.4,8.0,1.08,2.05,3.2,3.2,1.05,11.0,1.29,3.5,1.95,1.85,3.4,1.3,7.0,1.1,1.73,2.0,1.33,1.33,1.67
fRBYnFP1,2026-02-21,08:30,THAILAND 1,Round 22,Buriram,Sukhothai,1.53,2.88,9.5,1.22,3.75,2.2,1.62,5.0,1.14,1.15,6.5,14.0,1.01,17.0,1.14,5.5,1.47,2.63,2.3,1.6,3.55,1.25,2.1,1.67,1.03,1.08,4.5
2sjn5VAb,2026-02-21,08:30,ITALY 1 WOM,Round 15,Genoa W,Como W,3.59,2.17,2.65,1.34,2.75,0.0,0.0,0.0,0.0,3.09,3.14,2.05,0.0,0.0,1.27,3.1,1.89,1.72,3.15,1.26,5.75,1.08,1.68,1.92,1.57,1.24,1.25
nmmYeRXp,2026-02-21,08:30,ITALY 1 WOM,Round 15,Napoli W,Parma W,2.34,2.19,4.27,1.33,2.8,0.0,0.0,0.0,0.0,1.78,3.29,3.82,0.0,0.0,1.26,3.15,1.85,1.75,3.1,1.27,5.6,1.08,1.73,1.88,1.16,1.22,1.78
p69UrK84,2026-02-21,09:00,Sweden - Svenska Cupen,Round 1,Goteborg,Ostersund,1.57,2.88,8.0,1.2,4.0,2.1,1.67,4.5,1.17,1.18,6.0,11.0,1.01,17.0,1.13,6.0,1.47,2.63,2.2,1.65,3.8,1.25,1.91,1.8,1.03,1.08,4.0
KEyLCZ6c,2026-02-21,09:00,ETHIOPIA 1,Round 20,Welayta Dicha,Mechal,4.0,1.83,3.1,1.57,2.25,4.0,1.2,11.0,1.01,3.1,2.75,2.38,1.08,6.5,1.5,2.25,2.75,1.4,5.5,1.11,11.0,1.01,2.25,1.57,1.57,1.36,1.3
8rQoEppI,2026-02-21,09:00,TUNISIA 1,Round 20,Esperance Tunis,Stade Tunisien,1.89,2.35,6.2,0.0,0.0,2.5,1.4,0.0,0.0,1.37,3.98,6.7,0.0,0.0,1.24,3.3,1.8,1.8,2.95,1.3,5.2,1.09,1.98,1.65,1.06,1.15,2.43
nuamUgYP,2026-02-21,09:00,GERMANY 2,Round 23,Karlsruher SC,Holstein Kiel,3.1,2.3,3.1,1.33,3.25,2.5,1.5,6.0,1.13,2.63,3.4,2.55,1.04,13.0,1.2,4.33,1.7,2.1,2.63,1.44,5.0,1.17,1.57,2.25,1.5,1.3,1.44
6FIJAIH8,2026-02-21,09:00,THAILAND 1,Round 22,Uthai Thani,Kanchanaburi,2.5,2.25,3.6,1.3,3.2,2.5,1.5,6.0,1.11,2.0,3.4,3.3,1.02,13.0,1.2,4.33,1.73,2.1,2.88,1.4,5.5,1.14,1.57,2.25,1.3,1.25,1.67
vwvSMBQa,2026-02-21,09:00,GERMANY 2,Round 23,Darmstadt,Dusseldorf,2.4,2.3,4.33,1.33,3.25,2.5,1.5,6.5,1.11,1.85,3.6,4.0,1.04,13.0,1.22,4.0,1.73,2.08,2.75,1.4,5.0,1.17,1.67,2.1,1.22,1.29,1.91
S2tkQTEb,2026-02-21,09:00,Sweden - Svenska Cupen,Round 1,Mjallby,Kalmar,1.91,2.3,6.5,1.33,3.0,2.88,1.36,6.5,1.08,1.4,4.1,7.0,1.04,11.0,1.29,3.5,1.9,1.87,3.4,1.3,6.5,1.1,2.1,1.67,1.06,1.17,2.7
SvuTADyA,2026-02-21,09:00,ETHIOPIA 1,Round 20,Hadiya Hossana,Bahir Dar Kenema,4.2,1.91,2.88,1.5,2.4,3.8,1.22,11.0,1.01,3.3,2.8,2.2,1.07,7.0,1.5,2.4,2.6,1.44,5.5,1.11,11.0,1.01,2.2,1.6,1.62,1.33,1.29
ELy18CB6,2026-02-21,09:00,GERMANY 2,Round 23,Elversberg,Braunschweig,2.1,2.38,5.5,1.33,3.25,2.5,1.5,6.5,1.11,1.57,3.9,5.75,1.04,13.0,1.22,4.0,1.73,2.08,2.75,1.4,5.5,1.14,1.8,1.91,1.14,1.25,2.3
n5rLl0Gb,2026-02-21,09:30,ENGLAND 2,Round 33,Hull,QPR,3.0,2.1,3.6,1.4,2.75,3.0,1.36,8.0,1.08,2.25,3.3,3.1,1.06,10.0,1.3,3.5,2.0,1.8,3.5,1.3,6.5,1.11,1.8,1.91,1.36,1.33,1.57
vZy3aHUG,2026-02-21,09:30,ENGLAND 2,Round 33,Stoke,Leicester,2.75,2.1,4.0,1.4,2.75,3.0,1.36,8.0,1.08,2.1,3.3,3.4,1.07,9.0,1.33,3.4,2.1,1.73,3.75,1.29,7.0,1.1,1.8,1.91,1.3,1.33,1.67
dESgeNN0,2026-02-21,09:30,ENGLAND 3,Round 34,Rotherham,Doncaster,3.25,2.2,3.2,1.4,2.75,2.75,1.4,8.0,1.08,2.57,3.3,2.55,1.05,11.0,1.29,3.5,1.95,1.85,3.4,1.3,6.5,1.11,1.7,2.05,1.5,1.33,1.44
hKYEm0tR,2026-02-21,09:30,ENGLAND 2,Round 33,Swansea,Bristol City,2.75,2.2,3.75,1.4,2.75,2.75,1.4,8.0,1.08,2.1,3.4,3.3,1.06,10.0,1.3,3.5,2.0,1.85,3.4,1.33,6.5,1.11,1.73,2.0,1.33,1.3,1.67
6qMshZMj,2026-02-21,09:30,ENGLAND 2,Round 33,West Brom,Coventry,4.0,2.2,2.63,1.36,3.0,2.75,1.4,8.0,1.08,3.5,3.5,2.01,1.06,10.0,1.3,3.5,1.91,1.91,3.4,1.33,6.5,1.11,1.73,2.0,1.73,1.29,1.29
KzEg4Jod,2026-02-21,09:30,NETHERLANDS 3,Round 23,Katwijk,Quick Boys,3.25,2.2,2.82,1.31,3.15,2.37,1.45,5.45,1.12,2.72,3.5,2.3,1.02,12.0,1.21,3.55,1.62,2.02,2.47,1.42,4.6,1.16,1.53,2.18,1.6,1.26,1.38
fwfTBCek,2026-02-21,09:30,ENGLAND 3,Round 34,Plymouth,Cardiff,3.5,2.25,2.88,1.33,3.25,2.63,1.44,6.5,1.11,2.85,3.6,2.2,1.04,12.0,1.22,4.0,1.75,2.05,2.75,1.4,5.5,1.14,1.62,2.2,1.62,1.29,1.4
Q3VihA1s,2026-02-21,09:30,THAILAND 1,Round 22,Port MTI FC,Nakhon Ratchasima FC,1.53,2.88,8.0,1.17,4.5,2.1,1.67,4.5,1.17,1.18,6.0,11.0,1.02,10.0,1.1,6.5,1.4,2.88,2.05,1.75,3.4,1.3,1.8,1.91,1.03,1.08,4.2
vm1g2XQr,2026-02-21,09:30,WALES 1,Relegation Group,Briton Ferry,Bala,2.63,2.2,3.6,1.3,3.2,2.63,1.44,6.0,1.1,2.0,3.3,3.3,1.03,12.0,1.22,4.1,1.8,2.0,3.1,1.36,6.0,1.13,1.62,2.2,1.29,1.25,1.67
OdSsZvGk,2026-02-21,09:30,ENGLAND 4,Round 34,Fleetwood,Barrow,2.6,2.2,4.0,1.36,3.0,2.75,1.4,7.0,1.1,1.96,3.6,3.4,1.05,11.0,1.25,3.75,1.88,1.98,3.25,1.33,6.0,1.13,1.73,2.0,1.3,1.29,1.8
4U2GmvVr,2026-02-21,09:30,ENGLAND 4,Round 34,Swindon,Crewe,2.63,2.25,3.75,1.33,3.25,2.63,1.44,6.5,1.11,1.96,3.5,3.4,1.04,13.0,1.22,4.0,1.8,2.0,2.75,1.4,5.5,1.14,1.67,2.1,1.3,1.29,1.8
r9XD0Iat,2026-02-21,09:30,ENGLAND 3,Round 34,Wycombe,Stevenage,2.63,2.05,4.75,1.5,2.5,3.4,1.3,10.0,1.06,1.86,3.25,4.33,1.1,7.0,1.4,2.75,2.35,1.57,4.33,1.2,10.0,1.06,2.05,1.7,1.2,1.33,1.83
xnWO5Z74,2026-02-21,09:45,URUGUAY 1,Apertura,Racing Montevideo,Danubio,3.5,1.95,3.5,1.53,2.38,3.75,1.25,11.0,1.05,2.63,2.88,2.6,1.1,7.0,1.44,2.63,2.5,1.5,5.0,1.17,11.0,1.05,2.1,1.67,1.44,1.36,1.4
8YXtuDnm,2026-02-21,10:00,ISRAEL 1,Round 24,Maccabi Tel Aviv,SC Ashdod,1.73,2.75,7.0,1.22,4.0,2.1,1.67,4.5,1.18,1.3,4.75,7.5,1.02,19.0,1.14,5.5,1.48,2.6,2.1,1.67,3.75,1.25,1.73,2.0,1.08,1.17,3.25
OEkPP41d,2026-02-21,10:00,HUNGARY 1,Round 23,Nyiregyhaza,Kisvarda,2.75,2.2,4.0,1.4,2.75,2.75,1.4,8.0,1.08,2.0,3.3,3.2,1.05,11.0,1.3,3.4,2.0,1.8,3.5,1.29,7.0,1.1,1.8,1.91,1.33,1.3,1.67
jsjwIPm3,2026-02-21,10:00,GREECE 2,Relegation Group,Panargiakos,PAE Chania,4.5,2.0,2.4,1.4,2.75,3.2,1.3,8.0,1.05,4.4,3.25,1.75,1.05,8.0,1.36,2.88,2.2,1.6,4.0,1.2,8.0,1.05,2.0,1.73,2.0,1.25,1.17
pYk9M1Zq,2026-02-21,10:00,CYPRUS 2,Championship Group,Nea Salamis,Karmiotissa,2.19,2.19,4.62,1.34,2.75,0.0,0.0,0.0,0.0,1.68,3.4,4.75,0.0,0.0,1.27,3.1,1.87,1.73,3.15,1.26,5.75,1.08,1.8,1.8,1.16,1.25,1.85
b7goG3IF,2026-02-21,10:00,GREECE 2,Relegation Group,Ellas Syrou,PAE Egaleo,2.1,2.1,6.0,1.4,2.75,3.2,1.3,8.0,1.05,1.47,3.6,6.0,1.05,8.0,1.36,2.88,2.2,1.6,4.0,1.2,8.0,1.05,2.25,1.57,1.1,1.22,2.5
ncW3rqd3,2026-02-21,10:00,CYPRUS 2,Championship Group,Doxa,Omonia 29th May,3.4,2.05,3.0,1.42,2.45,2.85,1.37,7.3,1.06,2.75,3.3,2.35,0.0,0.0,1.33,2.8,1.95,1.67,3.2,1.25,0.0,0.0,1.78,1.83,1.57,1.29,1.38
fJPx4jy8,2026-02-21,10:00,CYPRUS 2,Relegation Group,Halkanoras,Kitiou,3.05,2.15,3.05,1.31,3.1,2.47,1.42,6.0,1.09,2.5,3.5,2.5,0.0,0.0,1.24,3.3,1.72,1.9,2.7,1.36,5.4,1.12,1.62,2.05,1.52,1.26,1.52
WllHKu4d,2026-02-21,10:00,CYPRUS 2,Championship Group,PAEEK,Ayia Napa,2.22,2.15,4.9,1.39,2.55,2.71,1.4,6.8,1.07,1.65,3.75,4.65,0.0,0.0,1.29,2.95,1.87,1.75,3.0,1.29,6.4,1.08,1.88,1.72,1.17,1.23,2.18
jRSL7Yyq,2026-02-21,10:00,CYPRUS 2,Relegation Group,Digenis Akritas,Ethnikos Latsion,2.35,2.18,4.2,1.32,3.1,2.55,1.4,6.3,1.09,1.78,3.7,3.85,0.0,0.0,1.25,3.2,1.75,1.85,2.77,1.33,5.7,1.1,1.72,1.88,1.22,1.24,1.98
vJqmXn4d,2026-02-21,10:00,GERMANY 3,Round 25,Regensburg,Wehen,3.0,2.2,3.4,1.36,3.0,2.63,1.44,7.0,1.1,2.35,3.25,2.63,1.05,11.0,1.25,3.75,1.85,1.95,3.25,1.33,6.0,1.13,1.67,2.1,1.4,1.3,1.53
2Pj0guoe,2026-02-21,10:00,CZECH 2,Round 14,Artis Brno,Opava,2.63,2.2,4.0,1.36,3.0,2.75,1.4,7.0,1.1,1.91,3.2,3.5,1.05,11.0,1.29,3.5,1.98,1.83,3.4,1.3,7.0,1.1,1.73,2.0,1.25,1.33,1.73
MkmKSiim,2026-02-21,10:00,DENMARK 1,Round 21,Odense,FC Copenhagen,4.5,2.4,2.25,1.29,3.5,2.25,1.57,5.5,1.14,4.33,4.0,1.68,1.03,15.0,1.17,5.0,1.6,2.3,2.5,1.5,4.33,1.2,1.62,2.2,2.05,1.22,1.2
GKTAA0PH,2026-02-21,10:00,GREECE 2,Promotion Group,Panionios,Marko,1.83,2.2,9.0,1.44,2.6,3.3,1.29,9.0,1.03,1.3,4.33,10.0,1.05,8.0,1.36,2.88,2.25,1.57,4.5,1.17,9.0,1.03,2.88,1.36,1.05,1.17,3.2
8fQ2CMf5,2026-02-21,10:00,GREECE 2,Promotion Group,Olympiacos Piraeus B,Kalamata,13.0,2.5,1.57,1.33,3.0,2.88,1.36,7.5,1.06,15.0,5.5,1.15,1.02,10.0,1.29,3.3,1.95,1.75,3.6,1.25,7.0,1.07,3.3,1.29,4.5,1.11,1.02
Sjf3WBHi,2026-02-21,10:00,GERMANY 1 WOM,Round 19,Hamburger SV W,Werder Bremen W,4.7,2.51,2.01,0.0,0.0,2.08,1.58,0.0,0.0,4.82,3.97,1.51,0.0,0.0,1.13,4.35,1.48,2.28,2.23,1.5,3.7,1.19,1.55,2.15,2.14,1.16,1.11
WhtuZ8Zq,2026-02-21,10:00,GERMANY 3,Round 25,VfL Osnabruck,RW Essen,3.0,2.2,3.4,1.36,3.0,2.63,1.44,7.0,1.1,2.3,3.3,2.75,1.05,11.0,1.25,3.75,1.85,1.95,3.25,1.33,6.0,1.13,1.67,2.1,1.36,1.3,1.53
IkG5K9Kj,2026-02-21,10:00,GERMANY 3,Round 25,Ingolstadt,TSV Havelse,2.1,2.6,4.33,1.22,4.0,2.1,1.67,4.5,1.18,1.62,3.8,4.2,1.02,19.0,1.14,5.5,1.48,2.6,2.1,1.67,3.75,1.25,1.5,2.5,1.2,1.22,2.1
KEMZfjd3,2026-02-21,10:00,GERMANY 3,Round 25,Duisburg,Schweinfurt,1.83,2.6,6.5,1.25,3.75,2.25,1.57,5.0,1.17,1.4,4.5,6.25,1.02,17.0,1.17,5.0,1.53,2.4,2.25,1.57,4.0,1.22,1.8,1.91,1.11,1.17,2.63
6VKsgUQF,2026-02-21,10:00,GERMANY 3,Round 25,Alemannia Aachen,Verl,3.75,2.4,2.5,1.29,3.5,2.25,1.57,5.5,1.14,3.2,3.6,1.95,1.02,17.0,1.17,5.0,1.57,2.35,2.38,1.53,4.0,1.22,1.53,2.38,1.73,1.25,1.33
2PIWpPv9,2026-02-21,10:00,FRANCE 2,Round 24,Troyes,Pau FC,2.6,2.25,4.0,1.33,3.25,2.63,1.44,6.5,1.11,1.91,3.5,3.4,1.05,11.0,1.25,3.75,1.85,1.95,3.25,1.33,6.0,1.13,1.67,2.1,1.29,1.25,1.73
G8fkYoe3,2026-02-21,10:00,FRANCE 2,Round 24,Reims,Amiens,1.91,2.4,7.0,1.33,3.25,2.5,1.5,6.5,1.11,1.42,4.5,6.5,1.04,13.0,1.22,4.0,1.75,2.05,2.75,1.4,5.5,1.14,2.0,1.73,1.11,1.18,2.75
46LIce2l,2026-02-21,10:00,GREECE 2,Relegation Group,Athens Kallithea,Ilioupoli,2.88,2.0,3.75,1.45,2.55,3.3,1.29,9.0,1.03,2.15,3.0,3.3,1.05,8.0,1.4,2.75,2.25,1.57,4.5,1.17,9.0,1.03,1.95,1.75,1.3,1.33,1.62
ngMU5C6e,2026-02-21,10:00,CYPRUS 2,Relegation Group,Apea Akrotiriou,Iraklis Yerolakkou,2.67,2.02,4.0,1.44,2.4,2.9,1.36,7.6,1.05,2.02,3.3,3.4,0.0,0.0,1.34,2.75,2.0,1.65,3.3,1.24,0.0,0.0,1.82,1.78,1.27,1.29,1.75
8h7ZHT8C,2026-02-21,10:00,WORLD CLUB FRIENDLY,-,Spartak Moscow (Rus),FK Rostov (Rus),2.2,2.32,4.78,1.26,3.34,2.25,1.6,4.95,1.12,1.6,3.6,4.2,1.02,13.4,1.13,4.55,1.52,2.08,2.29,1.5,3.98,1.17,1.52,2.05,1.16,1.22,1.9
Yyk9zGSQ,2026-02-21,10:00,BULGARIA 1,Round 22,Lok. Plovdiv,Spartak Varna,2.1,2.1,7.5,1.44,2.63,3.4,1.3,10.0,1.06,1.49,3.8,7.5,1.08,8.0,1.4,2.75,2.25,1.62,4.33,1.2,10.0,1.06,2.38,1.53,1.1,1.25,2.38
WIPCQRL5,2026-02-21,10:00,SPAIN 1,Round 25,Real Sociedad,Oviedo,2.0,2.3,7.0,1.36,3.0,2.75,1.4,8.0,1.08,1.5,3.8,7.5,1.06,9.5,1.3,3.5,1.91,1.91,3.4,1.33,6.5,1.11,2.05,1.7,1.1,1.25,2.5
b5TaFNP7,2026-02-21,10:00,TURKEY 1,Round 23,Alanyaspor,Basaksehir,3.4,2.2,3.1,1.36,3.0,2.75,1.4,7.0,1.1,2.75,3.4,2.4,1.05,11.0,1.25,3.75,1.88,1.93,3.25,1.33,6.0,1.13,1.73,2.0,1.53,1.3,1.4
lIF2q4pR,2026-02-21,10:00,Africa - COSAFA Cup Women,Round 2,South Africa W,Angola W,1.75,2.37,7.2,0.0,0.0,2.3,1.44,0.0,0.0,1.3,4.6,8.0,0.0,0.0,0.0,0.0,1.65,2.0,2.65,1.42,0.0,0.0,2.1,1.65,1.07,1.15,2.95
E1LrcnfJ,2026-02-21,10:00,TURKEY 2,Round 27,Boluspor,Istanbulspor AS,2.5,2.5,3.75,1.25,3.75,2.2,1.62,5.0,1.17,1.91,3.75,3.3,1.02,17.0,1.17,5.0,1.53,2.4,2.25,1.57,4.0,1.22,1.5,2.5,1.33,1.25,1.83
pdzGNBwP,2026-02-21,10:00,SERBIA 1,Round 24,Radnik,Napredak,2.2,2.05,6.0,1.44,2.63,3.25,1.33,8.0,1.06,1.62,3.6,6.0,1.07,7.5,1.4,2.75,2.25,1.62,4.0,1.22,7.5,1.07,2.2,1.62,1.11,1.29,2.2
xjRpXDW0,2026-02-21,10:00,SPAIN 1 WOM,Round 21,DUX Logrono W,Badalona W,4.33,1.91,2.7,1.5,2.4,3.6,1.25,9.0,1.02,3.6,3.0,2.0,1.06,7.5,1.44,2.6,2.4,1.5,5.2,1.13,10.0,1.02,2.1,1.65,1.73,1.33,1.22
GYmHkTTa,2026-02-21,10:00,SPAIN 3,Group 1,Ath Bilbao B,Zamora,2.92,2.07,3.65,1.44,2.6,3.0,1.34,7.4,1.06,2.12,3.1,2.9,1.06,7.5,1.35,2.95,1.96,1.58,3.65,1.24,7.1,1.06,1.77,1.73,1.3,1.28,1.52
4YWioJtT,2026-02-21,10:00,SPAIN 2,Round 27,Leganes,Cultural Leonesa,2.38,2.1,5.5,1.44,2.63,3.25,1.33,9.0,1.07,1.68,3.5,5.0,1.07,8.5,1.36,3.0,2.15,1.67,3.75,1.25,9.0,1.07,2.0,1.73,1.17,1.29,2.05
8juiTF9m,2026-02-21,10:00,SERBIA 1,Round 24,OFK Beograd Mozzart Bet,Zeleznicar Pancevo,2.88,2.2,3.4,1.36,3.0,2.63,1.44,6.5,1.1,2.25,3.75,2.7,1.01,12.0,1.29,3.5,1.85,1.95,3.25,1.33,5.5,1.13,1.73,2.0,1.44,1.25,1.57
KnYrkzKa,2026-02-21,10:30,ALGERIA 1,Round 20,Mostaganem,Kabylie,3.5,1.83,3.5,1.57,2.25,3.75,1.22,10.0,1.03,2.7,2.8,2.7,1.1,6.5,1.57,2.38,2.88,1.4,6.0,1.13,13.0,1.02,2.25,1.57,1.4,1.36,1.4
Cf83h9Qi,2026-02-21,10:30,ALGERIA 1,Round 20,Ben Aknoun,Khenchela,2.8,1.8,5.0,1.57,2.25,4.0,1.2,10.0,1.03,2.0,2.88,4.2,1.13,6.0,1.67,2.15,3.25,1.33,6.5,1.1,15.0,1.01,2.63,1.44,1.17,1.33,1.73
IigoIFs3,2026-02-21,10:30,ITALY 3,Group C,Trapani,Cavese,3.2,2.0,3.4,1.44,2.63,3.25,1.29,8.5,1.05,2.5,2.9,2.8,1.07,8.0,1.4,2.88,2.38,1.57,4.5,1.2,9.0,1.05,2.0,1.73,1.4,1.3,1.44
vPhUH6mK,2026-02-21,10:30,ITALY 3,Group C,Latina,Potenza,3.0,2.0,3.6,1.44,2.63,3.2,1.3,8.5,1.05,2.3,3.0,3.1,1.07,8.0,1.4,2.88,2.3,1.6,4.33,1.2,9.0,1.06,1.91,1.8,1.33,1.3,1.53
WAu6DNO9,2026-02-21,10:30,NETHERLANDS 3,Round 23,Barendrecht,AFC,3.25,2.22,2.77,1.27,3.45,2.2,1.53,4.85,1.15,2.77,3.4,2.3,1.02,13.0,1.16,4.65,1.52,2.22,2.2,1.53,3.45,1.22,1.42,2.45,1.6,1.27,1.37
fDxYR1M5,2026-02-21,10:30,NETHERLANDS 3,Round 23,HFC,Hardenberg,3.7,2.2,2.52,1.3,3.2,2.35,1.47,5.35,1.12,3.3,3.55,1.98,1.02,12.0,1.2,3.6,1.62,2.05,2.45,1.42,4.6,1.16,1.55,2.15,1.8,1.25,1.28
zJxSrH3e,2026-02-21,10:30,ITALY 3,Group B,Torres,Vis Pesaro,2.88,2.0,3.75,1.44,2.63,3.2,1.3,8.5,1.05,2.15,3.1,3.3,1.07,8.0,1.4,2.88,2.38,1.57,4.33,1.2,8.5,1.06,2.0,1.73,1.3,1.3,1.57
pYVfjaBL,2026-02-21,10:30,ITALY 3,Group B,Livorno,Pineto,2.8,2.0,4.0,1.44,2.63,3.2,1.3,8.5,1.05,2.05,3.1,3.4,1.07,8.0,1.4,2.88,2.38,1.57,4.33,1.2,9.0,1.06,2.0,1.73,1.25,1.3,1.67
zujHUQro,2026-02-21,10:30,ITALY 3,Group B,Gubbio,Arezzo,5.5,1.91,2.4,1.5,2.5,3.5,1.25,9.5,1.04,4.75,3.1,1.75,1.08,7.5,1.5,2.55,2.63,1.47,5.5,1.14,11.0,1.04,2.25,1.57,2.0,1.29,1.13
v3NbFqfc,2026-02-21,10:30,NETHERLANDS 3,Round 23,Hoek,RKAV Volendam,2.02,2.45,4.6,1.22,3.85,2.07,1.6,4.25,1.18,1.57,4.2,4.7,1.01,16.0,1.12,5.3,1.42,2.45,2.02,1.62,3.1,1.27,1.5,2.25,1.17,1.19,2.35
n1lPU5Yp,2026-02-21,10:30,ALGERIA 1,Round 20,Olympique Akbou,Paradou,2.38,2.0,5.5,1.5,2.5,3.5,1.25,9.5,1.04,1.67,3.3,5.0,1.07,8.0,1.47,2.63,2.55,1.5,5.0,1.17,11.0,1.04,2.25,1.57,1.13,1.25,2.0
MRhE7Xzi,2026-02-21,10:30,NETHERLANDS 3,Round 23,Jong Almere City,ACV Assen,2.0,2.47,4.6,1.19,4.15,1.95,1.67,3.9,1.22,1.55,4.2,4.8,1.01,19.0,1.1,5.9,1.37,2.65,1.88,1.72,2.82,1.32,1.44,2.42,1.16,1.19,2.37
46Q0j83F,2026-02-21,10:30,AUSTRIA 2,Round 18,Sturm Graz II,Liefering,3.4,2.3,2.63,1.29,3.25,2.38,1.53,5.5,1.13,2.9,3.4,2.15,1.01,15.0,1.2,4.5,1.6,2.3,2.63,1.47,4.5,1.2,1.5,2.5,1.62,1.22,1.33
KESDxDzH,2026-02-21,10:30,UKRAINE 1,Round 17,Metalist 1925,Kryvbas,2.8,2.0,3.75,1.44,2.6,3.3,1.29,8.0,1.05,2.1,3.0,3.3,1.05,8.0,1.36,2.88,2.2,1.6,4.0,1.2,8.0,1.05,1.91,1.8,1.3,1.3,1.62
fy1fKtc5,2026-02-21,10:30,ITALY 3,Group A,Novara,Giana Erminio,3.0,1.91,3.75,1.5,2.5,3.5,1.25,9.5,1.04,2.25,2.9,3.3,1.08,7.5,1.5,2.55,2.63,1.47,5.5,1.14,11.0,1.04,2.1,1.67,1.3,1.33,1.53
WAiu75Sr,2026-02-21,10:30,INDONESIA 1,Round 22,Madura United,Arema FC,3.25,2.1,3.0,1.33,3.0,2.75,1.4,6.5,1.08,2.63,3.3,2.4,1.04,11.0,1.29,3.5,1.9,1.87,3.25,1.33,6.5,1.1,1.67,2.1,1.44,1.25,1.4
nwG8CR4L,2026-02-21,10:30,INDONESIA 1,Round 22,Persijap Jepara,Persebaya,3.4,2.1,2.88,1.36,2.88,2.88,1.36,7.0,1.07,2.8,3.3,2.3,1.04,10.0,1.29,3.4,1.9,1.87,3.4,1.3,6.5,1.1,1.67,2.1,1.53,1.25,1.36
vyem5qce,2026-02-21,10:30,INDONESIA 1,Round 22,Persis Solo,PSBS Biak Numfor,2.25,2.3,4.33,1.3,3.2,2.5,1.5,6.0,1.11,1.73,3.7,4.2,1.02,13.0,1.2,4.33,1.73,2.1,2.88,1.4,5.5,1.14,1.67,2.1,1.17,1.22,2.0
O8Kp6uHq,2026-02-21,10:30,NETHERLANDS 3,Round 23,Rijnsburgse Boys,Kozakken Boys,2.1,2.37,4.55,1.24,3.65,2.15,1.55,4.55,1.16,1.62,4.05,4.5,1.01,15.0,1.14,4.9,1.47,2.32,2.15,1.55,3.35,1.23,1.52,2.2,1.18,1.21,2.25
bmEuMIsC,2026-02-21,11:00,SLOVENIA 1,Round 23,O. Ljubljana,Koper,2.63,2.2,3.6,1.3,3.2,2.63,1.44,6.0,1.1,2.0,3.4,3.3,1.03,13.0,1.22,4.1,1.75,2.05,2.88,1.4,4.75,1.15,1.62,2.2,1.3,1.25,1.67
fH6FvwKD,2026-02-21,11:00,WALES 2,Round 23,Holyhead,Brickfield,2.32,2.22,3.95,1.32,3.1,2.35,1.42,5.6,1.11,1.78,3.7,3.6,1.02,12.0,1.21,3.9,1.67,1.95,2.72,1.4,4.85,1.14,1.58,1.96,1.24,1.23,1.83
dKqqlFpp,2026-02-21,11:00,Sweden - Svenska Cupen,Round 1,Djurgarden,Falkenberg,1.57,2.88,8.0,1.22,3.75,2.1,1.67,4.5,1.17,1.18,6.0,11.0,1.01,17.0,1.13,6.0,1.47,2.63,2.2,1.65,3.3,1.29,2.0,1.73,1.03,1.08,4.0
rDy5J3ug,2026-02-21,11:00,Sweden - Svenska Cupen,Round 1,Oster,Orebro,1.91,2.5,5.0,1.22,3.75,2.2,1.62,5.0,1.14,1.5,4.2,5.0,1.01,17.0,1.14,5.5,1.5,2.55,2.3,1.6,3.65,1.24,1.57,2.25,1.13,1.17,2.4
M387tak1,2026-02-21,11:00,WALES 2,Round 23,Caersws FC,Penrhyncoch,2.22,2.32,4.1,1.29,3.3,2.22,1.47,5.15,1.13,1.7,3.85,3.8,1.02,12.0,1.18,4.3,1.57,2.12,2.5,1.48,4.3,1.18,1.55,2.0,1.22,1.21,1.93
MX9eSOd3,2026-02-21,11:00,ITALY 2,Round 26,Entella,Catanzaro,3.25,2.05,3.6,1.44,2.63,3.25,1.33,10.0,1.06,2.45,3.1,2.85,1.08,8.0,1.36,3.0,2.25,1.62,4.0,1.22,9.0,1.07,1.95,1.8,1.4,1.36,1.5
O29MFoDc,2026-02-21,11:00,ITALY 2,Round 26,Mantova,Sampdoria,3.5,2.05,3.2,1.44,2.63,3.25,1.33,10.0,1.06,3.0,2.75,2.65,1.08,8.0,1.36,3.0,2.2,1.65,3.75,1.25,9.0,1.07,1.8,1.95,1.44,1.4,1.36
Or5Mv9fJ,2026-02-21,11:00,WALES 3,Round 23,Pontypridd,Baglan Dragons,2.57,2.1,3.75,1.37,2.52,2.7,1.41,6.4,1.08,1.98,3.4,3.25,1.04,9.0,1.27,3.4,1.82,1.78,3.15,1.31,5.85,1.1,1.66,1.85,1.28,1.26,1.67
SGBDtVP6,2026-02-21,11:00,WALES 3,Round 23,Cwmbran Celtic,Aberystwyth,6.6,2.4,1.78,1.28,3.35,2.27,1.45,5.15,1.13,7.2,4.55,1.33,1.02,12.0,1.2,4.1,1.62,2.05,2.6,1.44,4.6,1.16,1.85,1.66,2.82,1.15,1.08
bwFxuIl2,2026-02-21,11:00,WALES 3,Round 23,Caerau Ely,Carmarthen Town,2.22,2.25,4.25,1.32,3.15,2.35,1.42,5.6,1.11,1.7,3.75,3.95,1.03,11.0,1.21,3.9,1.65,1.98,2.72,1.41,4.85,1.14,1.61,1.92,1.21,1.22,1.93
dG7UDPsA,2026-02-21,11:00,ITALY 2,Round 26,Padova,Bari,3.1,2.0,4.0,1.5,2.5,3.5,1.29,11.0,1.05,2.25,3.0,3.4,1.1,7.0,1.44,2.63,2.4,1.53,4.5,1.18,11.0,1.05,2.0,1.75,1.3,1.36,1.57
2TxVB3CM,2026-02-21,11:00,ITALY 2,Round 26,Palermo,Sudtirol,2.38,2.2,5.0,1.4,2.75,3.0,1.36,8.0,1.08,1.71,3.4,5.0,1.07,9.0,1.33,3.25,2.05,1.75,3.5,1.29,8.0,1.08,1.95,1.8,1.17,1.3,2.0
fRH94L4d,2026-02-21,11:00,ITALY 2,Round 26,Venezia,Pescara,1.8,2.75,6.5,1.25,3.75,2.2,1.62,5.0,1.17,1.33,4.75,8.0,1.02,17.0,1.14,5.5,1.5,2.5,2.2,1.62,3.75,1.25,1.75,2.0,1.08,1.18,3.0
dInCCOUH,2026-02-21,11:00,FRANCE 1 WOM,Round 16,St Etienne W,Strasbourg W,2.83,2.19,3.27,0.0,0.0,2.5,1.4,0.0,0.0,2.24,3.14,2.74,0.0,0.0,1.24,3.3,1.8,1.8,2.95,1.3,5.2,1.09,1.6,2.0,1.32,1.24,1.46
Q1j59KFM,2026-02-21,11:00,ITALY 1,Round 26,Juventus,Como,2.63,2.2,4.33,1.4,2.75,2.75,1.4,8.0,1.08,2.0,3.4,3.7,1.06,10.0,1.3,3.5,2.03,1.83,3.5,1.3,6.5,1.11,1.8,1.95,1.29,1.3,1.8
Gxh82CnQ,2026-02-21,11:00,WALES 3,Round 23,Treowen,Cardiff Draconians,3.35,2.3,2.52,1.28,3.35,2.18,1.5,5.1,1.13,2.95,3.7,2.0,1.02,12.0,1.17,4.4,1.55,2.15,2.42,1.49,4.2,1.19,1.46,2.2,1.65,1.23,1.33
WdxXfc3m,2026-02-21,11:00,CROATIA 1,Round 23,Istra 1961,Gorica,2.75,2.1,4.33,1.44,2.63,3.25,1.33,9.0,1.07,2.0,3.1,3.4,1.07,9.0,1.36,3.0,2.15,1.67,3.75,1.25,9.0,1.07,1.91,1.8,1.29,1.33,1.67
djDA4Xhf,2026-02-21,11:00,India - ISL,-,Jamshedpur,Punjab,2.5,2.25,3.75,1.29,3.3,2.4,1.5,6.5,1.08,2.0,3.6,3.5,1.02,13.0,1.2,4.33,1.67,2.15,2.7,1.44,5.0,1.17,1.6,2.3,1.3,1.25,1.8
zTchnkwK,2026-02-21,11:00,WALES 2,Round 23,Mold Alexandra,Rhyl,2.7,2.2,3.3,1.33,3.05,2.37,1.42,5.85,1.1,2.15,3.5,2.8,1.03,10.0,1.22,3.8,1.67,1.95,2.8,1.39,5.0,1.13,1.55,2.0,1.36,1.25,1.57
hQTEB1gM,2026-02-21,11:00,NETHERLANDS 3,Round 23,Spakenburg,GVVV,2.25,2.4,3.85,1.22,3.85,2.02,1.62,4.2,1.19,1.78,3.9,3.65,1.01,17.0,1.11,5.5,1.4,2.52,1.95,1.67,3.0,1.29,1.4,2.5,1.24,1.22,1.98
juWtQuiI,2026-02-21,11:00,NETHERLANDS 3,Round 23,Jong Sparta Rotterdam,Excelsior Maassluis,2.72,2.35,3.05,1.22,3.85,2.05,1.62,4.25,1.19,2.27,3.65,2.67,1.01,16.5,1.11,5.5,1.42,2.47,1.98,1.65,3.05,1.28,1.37,2.62,1.39,1.24,1.6
QJevq84t,2026-02-21,11:00,POLAND 1,Round 22,Rakow,Termalica B-B.,2.05,2.4,5.5,1.3,3.4,2.5,1.5,6.0,1.13,1.5,3.9,5.5,1.03,15.0,1.2,4.33,1.7,2.1,2.63,1.44,5.0,1.17,1.8,1.95,1.13,1.22,2.38
WlxCA5j5,2026-02-21,11:00,PORTUGAL 2,Round 23,Maritimo,Sporting CP B,2.38,2.2,5.0,1.4,2.75,2.75,1.4,8.0,1.08,1.7,3.25,4.33,1.06,9.5,1.3,3.4,2.0,1.8,3.4,1.3,7.0,1.1,1.83,1.83,1.18,1.3,2.0
jXutS2fd,2026-02-21,11:00,NORTHERN IRELAND 1,Round 29,Queens Univ.,Ards,2.85,2.18,3.2,1.35,2.95,2.47,1.42,6.1,1.09,2.3,3.5,2.7,1.03,10.0,1.23,3.35,1.7,1.91,2.65,1.37,5.1,1.13,1.6,2.05,1.38,1.26,1.6
WtOkbNel,2026-02-21,11:00,BOTSWANA 1,Round 21,Matebele,Tafic FC,2.77,1.88,4.25,1.52,2.12,3.5,1.23,0.0,0.0,2.05,3.0,3.5,1.04,7.1,1.42,2.49,2.32,1.47,4.75,1.12,6.6,1.03,2.0,1.55,1.25,1.32,1.62
E5qPGVBF,2026-02-21,11:00,BOTSWANA 1,Round 21,Morupule,Orapa United,3.2,1.87,3.55,1.52,2.12,3.42,1.24,0.0,0.0,2.45,2.92,2.8,1.07,6.7,1.44,2.43,2.32,1.47,4.55,1.13,6.6,1.03,1.92,1.61,1.36,1.33,1.45
t8DWBfrf,2026-02-21,11:00,CZECH 2,Round 23,Slovacko,FK Pardubice,3.0,2.05,3.75,1.44,2.63,3.25,1.33,9.0,1.07,2.25,3.1,3.0,1.07,9.0,1.36,3.0,2.15,1.67,3.75,1.25,9.0,1.07,1.91,1.91,1.33,1.33,1.53
KWyHHPEF,2026-02-21,11:00,CZECH 2,Round 23,Hradec Kralove,Zlin,2.4,2.2,4.75,1.4,2.75,3.0,1.36,8.0,1.08,1.75,3.3,4.2,1.06,10.0,1.36,3.0,2.1,1.7,3.75,1.25,8.0,1.08,1.95,1.8,1.2,1.3,1.91
ptKNDGDs,2026-02-21,11:00,CZECH 2,Round 23,Jablonec,Karvina,2.63,2.25,4.0,1.33,3.25,2.63,1.44,7.0,1.1,2.0,3.3,3.4,1.04,12.0,1.25,3.75,1.8,2.0,3.0,1.36,6.0,1.13,1.67,2.1,1.29,1.3,1.67
Es7G9i5t,2026-02-21,11:30,GERMANY 1,Round 23,Union Berlin,Bayer Leverkusen,3.4,2.2,3.0,1.36,3.0,2.75,1.4,8.0,1.08,3.0,3.3,2.4,1.06,10.0,1.29,3.75,1.91,1.91,3.4,1.33,6.0,1.13,1.7,2.05,1.53,1.33,1.36
zFf20Bee,2026-02-21,11:30,WALES 1,Relegation Group,Flint,Cardiff Metropolitan,2.8,2.2,3.3,1.3,3.2,2.63,1.44,6.0,1.1,2.25,3.3,2.8,1.02,13.0,1.22,4.2,1.73,2.1,2.7,1.44,4.8,1.15,1.57,2.25,1.4,1.25,1.53
lK1u4mZH,2026-02-21,11:30,GERMANY 1,Round 23,FC Koln,Hoffenheim,3.6,2.4,2.6,1.29,3.5,2.25,1.57,5.5,1.14,3.3,3.8,2.05,1.02,17.0,1.17,5.0,1.57,2.38,2.38,1.57,4.33,1.22,1.5,2.5,1.73,1.25,1.33
Gn7GD06E,2026-02-21,11:30,GERMANY 1,Round 23,Bayern Munich,Eintracht Frankfurt,1.4,3.75,10.0,1.13,6.0,1.62,2.2,3.0,1.36,1.14,9.5,13.0,1.01,35.0,1.05,11.0,1.2,4.5,1.53,2.5,2.2,1.67,1.7,2.05,1.04,1.07,5.5
pSK8yA5S,2026-02-21,11:30,WALES 1,Championship Group,Colwyn Bay,Penybont,2.88,2.1,3.3,1.33,3.0,2.75,1.4,6.5,1.08,2.3,3.3,2.75,1.04,11.0,1.29,3.5,1.9,1.87,3.25,1.33,5.4,1.12,1.67,2.1,1.36,1.25,1.5
rsHBxHjB,2026-02-21,11:30,SLOVAKIA 1,Round 21,Dun. Streda,Skalica,1.83,2.4,6.0,1.3,3.2,2.63,1.44,6.0,1.1,1.36,4.2,7.0,1.03,12.0,1.22,4.1,1.8,2.0,2.88,1.4,6.0,1.13,2.0,1.73,1.07,1.17,2.75
0Imxgxyh,2026-02-21,11:30,SLOVAKIA 1,Round 21,Trencin,Michalovce,2.88,2.2,3.2,1.3,3.2,2.63,1.44,6.0,1.11,2.3,3.3,2.75,1.03,12.0,1.22,4.2,1.73,2.1,2.88,1.4,5.5,1.14,1.57,2.25,1.4,1.25,1.53
4ApgkfzH,2026-02-21,11:30,SLOVAKIA 1,Round 21,Presov,Komarno,2.8,2.25,3.25,1.29,3.25,2.5,1.5,6.0,1.11,2.25,3.4,2.8,1.02,13.0,1.2,4.33,1.67,2.15,2.7,1.44,5.0,1.17,1.57,2.25,1.36,1.25,1.57
CEM0wWzG,2026-02-21,11:30,WALES 1,Championship Group,Barry,Connahs Q.,4.0,2.2,2.4,1.3,3.2,2.63,1.44,6.0,1.1,3.7,3.4,1.91,1.03,12.0,1.25,3.8,1.8,2.0,3.1,1.36,5.0,1.14,1.67,2.1,1.83,1.22,1.22
ATt6klKO,2026-02-21,11:30,GERMANY 1,Round 23,Wolfsburg,Augsburg,2.6,2.3,3.75,1.3,3.4,2.5,1.5,6.0,1.13,2.05,3.4,3.75,1.04,13.0,1.22,4.33,1.73,2.1,2.75,1.44,5.0,1.17,1.57,2.25,1.25,1.3,1.73
x0asTpv3,2026-02-21,12:00,PORTUGAL 3,Relegation Group,Sao Joao Ver,AD Fafe,3.9,2.07,2.65,1.39,2.63,2.57,1.39,8.0,1.07,3.45,3.05,2.1,1.04,8.25,1.34,2.72,2.0,1.65,3.3,1.24,7.5,1.08,1.78,1.83,1.7,1.32,1.27
6Lb5xXfe,2026-02-21,12:00,PORTUGAL 3,Promotion Group,Amarante,Mafra,3.6,1.93,3.1,1.47,2.32,3.35,1.28,8.6,1.04,3.05,2.82,2.45,1.07,6.7,1.42,2.45,2.22,1.52,3.75,1.19,8.5,1.04,1.87,1.75,1.53,1.36,1.32
Gj9pwT2c,2026-02-21,12:00,NORTHERN IRELAND 1,Round 29,Armagh,Newington,11.0,3.75,1.3,1.08,6.5,1.6,2.2,3.0,1.33,17.0,9.5,1.07,1.01,29.0,1.01,11.0,1.14,4.8,1.45,2.55,2.05,1.6,1.75,1.95,7.0,1.05,1.02
CI2gy7X9,2026-02-21,12:00,NORTHERN IRELAND 1,Round 29,Ballinamallard,Annagh,4.2,2.3,2.3,1.29,3.3,2.55,1.45,6.5,1.08,3.9,3.75,1.73,1.01,11.0,1.2,4.0,1.65,2.1,2.88,1.36,4.8,1.15,1.65,2.1,2.0,1.22,1.22
Kr61Zp2M,2026-02-21,12:00,NORTHERN IRELAND 1,Round 29,H&W Welders,Institute,1.67,2.8,6.5,1.17,4.5,2.0,1.73,4.5,1.17,1.25,5.0,8.0,1.01,17.0,1.08,6.5,1.36,2.88,2.0,1.73,2.95,1.3,1.65,2.1,1.06,1.13,3.5
4GsYTOPq,2026-02-21,12:00,NORTHERN IRELAND 1,Round 29,Limavady,Loughgall,2.3,2.25,4.33,1.3,3.2,2.75,1.4,7.0,1.07,1.75,3.6,4.0,1.01,11.0,1.22,3.8,1.75,1.95,3.0,1.33,5.25,1.12,1.73,2.0,1.2,1.25,1.91
QiJ1Du9l,2026-02-21,12:00,SCOTLAND 1,Round 28,Aberdeen,Dundee FC,2.6,2.2,4.33,1.36,3.0,2.75,1.4,8.0,1.08,1.91,3.5,3.75,1.06,10.0,1.3,3.5,1.98,1.88,3.4,1.33,6.5,1.11,1.8,1.95,1.25,1.29,1.8
6uOSk6n3,2026-02-21,12:00,NORTHERN IRELAND 1,Round 29,Warrenpoint,Dundela,2.0,2.4,4.5,1.22,3.8,2.25,1.57,5.5,1.11,1.55,4.0,4.6,1.01,17.0,1.11,5.5,1.5,2.4,2.25,1.57,3.1,1.27,1.57,2.25,1.14,1.2,2.3
QVySYynQ,2026-02-21,12:00,SERBIA 1,Round 24,Vojvodina,Novi Pazar,2.2,2.3,4.75,1.33,3.25,2.63,1.44,6.0,1.11,1.65,3.7,5.0,1.01,12.0,1.22,4.0,1.8,2.0,2.75,1.4,5.0,1.14,1.8,1.91,1.14,1.29,2.2
AJkFUuYP,2026-02-21,12:00,SCOTLAND 4,Round 26,Stranraer,Spartans,3.4,2.1,2.88,1.4,2.75,2.75,1.4,7.0,1.08,2.8,3.2,2.2,1.03,10.0,1.29,3.5,1.95,1.85,3.25,1.33,6.0,1.11,1.73,2.0,1.55,1.29,1.33
IBmU6xtJ,2026-02-21,12:00,SCOTLAND 4,Round 26,Forfar Athletic,Annan,2.75,2.3,3.2,1.3,3.4,2.38,1.53,5.5,1.13,2.2,3.6,2.63,1.01,15.0,1.2,4.33,1.65,2.2,2.63,1.44,4.5,1.17,1.57,2.25,1.4,1.22,1.55
ddaL8bB6,2026-02-21,12:00,SCOTLAND 4,Round 26,Elgin City,Stirling,2.38,2.3,4.0,1.3,3.4,2.5,1.5,5.5,1.13,1.8,3.5,3.6,1.03,10.0,1.2,4.33,1.67,2.15,2.63,1.44,4.5,1.17,1.62,2.2,1.22,1.22,1.83
lWeDAKtf,2026-02-21,12:00,SCOTLAND 4,Round 26,East Kilbride,Dumbarton,1.83,2.6,5.5,1.22,4.0,2.1,1.67,4.33,1.2,1.44,4.2,6.0,1.02,11.0,1.14,5.0,1.44,2.63,2.1,1.67,3.5,1.29,1.62,2.2,1.08,1.17,2.4
h424CtCs,2026-02-21,12:00,SCOTLAND 4,Round 26,Clyde,Edinburgh City,2.2,2.38,4.5,1.3,3.4,2.38,1.53,5.0,1.14,1.65,3.6,4.33,1.04,9.0,1.2,4.33,1.7,2.1,2.63,1.44,4.5,1.17,1.67,2.1,1.14,1.22,2.1
EceVDhcf,2026-02-21,12:00,SCOTLAND 3,Round 26,Peterhead,East Fife,2.63,2.2,3.75,1.36,3.0,2.63,1.44,6.5,1.1,2.0,3.25,3.2,1.05,8.5,1.25,3.75,1.85,1.95,3.0,1.36,5.5,1.13,1.73,2.0,1.29,1.25,1.67
IV1MFESs,2026-02-21,12:00,SCOTLAND 3,Round 26,Montrose,Queen of South,3.6,2.25,2.6,1.33,3.25,2.63,1.44,6.0,1.11,3.0,3.5,2.0,1.01,12.0,1.25,3.75,1.8,2.0,3.0,1.36,5.0,1.14,1.67,2.1,1.67,1.22,1.3
fXAI9c8D,2026-02-21,12:00,SCOTLAND 1,Round 28,Dundee Utd,Kilmarnock,2.5,2.3,4.0,1.33,3.25,2.5,1.5,6.5,1.11,1.96,3.6,3.7,1.04,13.0,1.22,4.33,1.73,2.1,2.75,1.44,5.0,1.17,1.62,2.2,1.29,1.29,1.8
nmBjLz5K,2026-02-21,12:00,SCOTLAND 3,Round 26,Inverness,Stenhousemuir,2.05,2.2,6.0,1.4,2.75,3.0,1.36,7.0,1.08,1.48,3.7,5.75,1.03,9.5,1.33,3.25,2.0,1.8,3.5,1.29,6.5,1.1,2.1,1.67,1.1,1.22,2.4
EqGdagr1,2026-02-21,12:00,SCOTLAND 3,Round 26,Alloa,Hamilton,2.6,2.05,4.33,1.44,2.63,3.25,1.33,7.5,1.07,1.91,3.1,3.7,1.05,8.5,1.36,3.0,2.1,1.7,3.75,1.25,7.0,1.08,1.91,1.8,1.22,1.29,1.73
4hq9Brsf,2026-02-21,12:00,SCOTLAND 2,Round 26,Queen's Park,Morton,3.4,2.0,3.2,1.44,2.63,3.25,1.33,7.5,1.07,2.63,3.1,2.45,1.07,7.5,1.36,3.0,2.15,1.67,4.0,1.22,7.5,1.07,1.91,1.8,1.44,1.29,1.4
8Qk0D4Cs,2026-02-21,12:00,SCOTLAND 2,Round 26,Partick Thistle,Airdrieonians,2.1,2.25,5.5,1.36,3.0,2.75,1.4,6.5,1.1,1.55,3.5,5.25,1.05,8.5,1.29,3.5,1.9,1.9,3.25,1.33,5.5,1.13,1.91,1.8,1.11,1.22,2.2
2RNSVCS8,2026-02-21,12:00,SCOTLAND 2,Round 26,Ayr,Ross County,2.5,2.2,4.0,1.36,3.0,2.63,1.44,6.5,1.1,1.85,3.3,3.6,1.05,8.5,1.25,3.75,1.83,1.98,3.0,1.36,5.5,1.13,1.73,2.0,1.22,1.25,1.8
MVpt89z2,2026-02-21,12:00,SCOTLAND 2,Round 26,Arbroath,Dunfermline,3.0,2.0,3.6,1.44,2.63,3.25,1.33,8.0,1.06,2.3,3.1,2.88,1.07,7.5,1.36,3.0,2.15,1.67,3.75,1.25,7.0,1.08,1.91,1.8,1.33,1.29,1.5
Mw34X00K,2026-02-21,12:00,SCOTLAND 1,Round 28,Hearts,Falkirk,2.2,2.3,5.5,1.36,3.0,2.63,1.44,7.0,1.1,1.62,3.6,5.5,1.05,11.0,1.25,4.0,1.88,1.98,3.2,1.36,6.0,1.13,1.8,1.95,1.14,1.29,2.15
nRD0HFjD,2026-02-21,12:00,NORTHERN IRELAND 2,Round 30,Bangor FC,Glenavon,2.6,2.2,3.75,1.33,3.0,2.75,1.4,6.5,1.08,1.95,3.4,3.5,1.04,11.0,1.25,3.8,1.87,1.9,3.1,1.36,6.5,1.1,1.67,2.1,1.25,1.25,1.73
6iY3cXCD,2026-02-21,12:00,SCOTLAND 3,Round 26,Cove Rangers,Kelty Hearts,2.25,2.2,4.75,1.36,3.0,2.75,1.4,6.5,1.1,1.67,3.5,4.2,1.05,8.5,1.29,3.5,1.9,1.9,3.25,1.33,6.0,1.11,1.83,1.83,1.17,1.22,2.0
pjZBOWct,2026-02-21,12:00,NORTHERN IRELAND 2,Round 30,Cliftonville,Crusaders,2.0,2.4,5.0,1.25,3.5,2.25,1.57,5.5,1.13,1.55,4.1,4.75,1.01,15.0,1.2,4.5,1.57,2.38,2.55,1.5,4.5,1.2,1.62,2.2,1.13,1.17,2.3
G8MZEpbl,2026-02-21,12:00,ENGLAND 1,Round 27,Aston Villa,Leeds,2.4,2.25,4.5,1.36,3.0,2.63,1.44,7.0,1.1,1.85,3.5,4.33,1.05,11.0,1.25,4.0,1.85,2.0,3.0,1.4,5.5,1.14,1.7,2.05,1.2,1.29,1.91
SKe4p69r,2026-02-21,12:00,ENGLAND 3,Round 34,Huddersfield,Barnsley,2.38,2.3,4.5,1.33,3.25,2.63,1.44,6.5,1.11,1.71,3.75,4.33,1.04,12.0,1.22,4.0,1.8,2.0,2.75,1.4,5.5,1.14,1.7,2.05,1.2,1.25,2.0
KOLjXIp2,2026-02-21,12:00,ENGLAND 4,Round 34,Gillingham,Oldham,2.75,2.1,4.0,1.44,2.63,3.25,1.33,9.0,1.07,2.05,3.25,3.5,1.07,9.0,1.33,3.25,2.1,1.7,3.75,1.25,8.0,1.08,1.83,1.83,1.29,1.33,1.7
hIDLnvoB,2026-02-21,12:00,ENGLAND 2,Round 33,Middlesbrough,Oxford Utd,1.83,2.4,8.0,1.33,3.25,2.63,1.44,6.5,1.11,1.35,4.5,8.5,1.05,11.0,1.25,4.0,1.83,2.03,3.0,1.4,5.5,1.14,2.1,1.67,1.08,1.18,3.0
YRm3tNNF,2026-02-21,12:00,ENGLAND 4,Round 34,Colchester,Barnet,3.4,2.1,3.1,1.4,2.75,3.0,1.36,8.0,1.08,2.7,3.3,2.45,1.06,10.0,1.3,3.4,2.03,1.83,3.5,1.29,7.0,1.1,1.73,2.0,1.5,1.33,1.4
Q1perqg3,2026-02-21,12:00,ENGLAND 4,Round 34,Cheltenham,Salford,4.33,2.25,2.5,1.36,3.0,2.63,1.44,7.0,1.1,3.7,3.7,1.86,1.05,11.0,1.25,3.75,1.88,1.98,3.25,1.33,6.0,1.13,1.73,2.0,1.91,1.29,1.29
p678Ku1d,2026-02-21,12:00,ENGLAND 4,Round 34,Bristol Rovers,Grimsby,3.6,2.2,2.88,1.36,3.0,2.75,1.4,7.0,1.1,3.1,3.3,2.2,1.05,11.0,1.25,3.75,1.93,1.93,3.25,1.33,6.5,1.11,1.67,2.1,1.62,1.33,1.36
xt40M1Wq,2026-02-21,12:00,ENGLAND 4,Round 34,Accrington,Shrewsbury,2.88,2.1,4.0,1.44,2.63,3.25,1.33,9.0,1.07,2.1,3.25,3.4,1.07,8.5,1.36,3.0,2.15,1.67,3.75,1.25,9.0,1.07,1.83,1.83,1.3,1.33,1.67
4vW1g1hD,2026-02-21,12:00,ENGLAND 3,Round 34,Stockport County,Wigan,2.2,2.25,6.0,1.4,2.75,2.75,1.4,8.0,1.08,1.57,3.75,5.5,1.06,9.5,1.3,3.4,2.03,1.83,3.5,1.29,7.0,1.1,1.95,1.8,1.14,1.25,2.25
0nZpcqgl,2026-02-21,12:00,ENGLAND 3,Round 34,Port Vale,Reading,3.5,2.1,3.1,1.4,2.75,3.0,1.36,8.0,1.08,2.82,3.3,2.32,1.06,9.5,1.3,3.4,2.0,1.8,3.5,1.29,7.0,1.1,1.8,1.95,1.53,1.33,1.4
4GmF25VQ,2026-02-21,12:00,ENGLAND 3,Round 34,Peterborough,Exeter,2.75,2.3,3.5,1.33,3.25,2.5,1.5,6.5,1.11,2.15,3.4,3.0,1.04,13.0,1.22,4.0,1.73,2.08,2.75,1.4,5.5,1.14,1.62,2.2,1.36,1.3,1.67
O6u74R0E,2026-02-21,12:00,ENGLAND 3,Round 34,Northampton,Leyton Orient,3.6,2.1,3.0,1.4,2.75,3.0,1.36,8.0,1.08,2.85,3.3,2.3,1.06,9.5,1.3,3.4,2.05,1.75,3.5,1.29,8.0,1.08,1.8,1.95,1.57,1.33,1.4
nVDxeMx9,2026-02-21,12:00,ENGLAND 4,Round 34,Harrogate,Bromley,5.5,2.2,2.25,1.4,2.75,2.75,1.4,8.0,1.08,5.0,3.75,1.62,1.06,10.0,1.3,3.4,2.03,1.83,3.5,1.29,7.0,1.1,1.91,1.8,2.15,1.25,1.17
d0mLtO87,2026-02-21,12:00,ENGLAND 3,Round 34,Mansfield,Lincoln,4.0,2.2,2.75,1.4,2.75,2.75,1.4,8.0,1.08,3.5,3.3,2.05,1.06,10.0,1.29,3.5,2.0,1.85,3.4,1.3,7.0,1.1,1.8,1.95,1.7,1.33,1.29
p0hujSoL,2026-02-21,12:00,ENGLAND 3,Round 34,Bolton,Blackpool,2.05,2.4,6.0,1.3,3.4,2.5,1.5,6.0,1.13,1.49,4.0,6.0,1.04,13.0,1.22,4.0,1.73,2.08,2.75,1.4,5.5,1.14,1.8,1.95,1.13,1.22,2.38
CnfXilH8,2026-02-21,12:00,ENGLAND 3,Round 34,AFC Wimbledon,Bradford City,3.75,2.05,3.0,1.44,2.63,3.25,1.33,9.0,1.07,3.1,3.25,2.25,1.08,8.0,1.36,3.0,2.15,1.67,4.0,1.22,9.0,1.07,1.91,1.91,1.57,1.33,1.36
pIDgtIY0,2026-02-21,12:00,ENGLAND 2,Round 33,Wrexham,Ipswich,3.75,2.1,2.88,1.44,2.63,3.0,1.36,9.0,1.07,3.3,3.3,2.15,1.07,9.0,1.36,3.2,2.1,1.73,3.75,1.29,8.0,1.08,1.83,1.83,1.67,1.33,1.33
z1VBceaT,2026-02-21,12:00,ENGLAND 2,Round 33,Watford,Derby,2.88,2.1,4.0,1.44,2.63,3.25,1.33,9.0,1.07,2.1,3.3,3.4,1.07,8.5,1.36,3.2,2.2,1.67,4.0,1.25,8.0,1.08,1.83,1.83,1.3,1.33,1.67
EaU8D9OF,2026-02-21,12:00,AZERBAIJAN 1,Round 21,Neftci Baku,Qarabag,4.5,2.0,2.4,1.4,2.75,3.2,1.3,8.5,1.05,4.2,3.3,1.8,1.06,8.5,1.4,2.88,2.2,1.65,4.2,1.22,8.5,1.06,2.1,1.67,1.91,1.25,1.17
jcqnZEWG,2026-02-21,12:00,BELGIUM 1,Round 26,Dender,St. Truiden,3.75,2.25,2.75,1.33,3.25,2.63,1.44,7.0,1.1,3.2,3.4,2.05,1.04,13.0,1.25,3.75,1.8,2.0,3.0,1.36,6.0,1.13,1.67,2.1,1.73,1.3,1.36
6Lwe1w04,2026-02-21,12:00,ENGLAND 2,Round 33,Southampton,Charlton,2.05,2.38,6.0,1.33,3.25,2.63,1.44,6.5,1.11,1.49,4.2,5.75,1.04,13.0,1.25,4.0,1.8,2.0,3.0,1.4,5.5,1.14,1.83,1.83,1.14,1.22,2.38
QoWsmJQa,2026-02-21,12:00,BELGIUM 2,Round 26,Seraing,Kortrijk,5.0,2.38,2.1,1.33,3.25,2.5,1.5,6.5,1.11,5.0,3.6,1.57,1.04,12.0,1.22,4.0,1.73,2.08,2.75,1.4,5.5,1.14,1.73,2.0,2.2,1.25,1.14
pGh0udwo,2026-02-21,12:00,ENGLAND 2,Round 33,Norwich,Birmingham,3.2,2.2,3.25,1.36,3.0,2.75,1.4,8.0,1.08,2.5,3.4,2.65,1.05,11.0,1.29,3.75,1.95,1.9,3.4,1.33,6.0,1.13,1.73,2.0,1.44,1.3,1.5
0rHTpIFN,2026-02-21,12:00,ENGLAND 2,Round 33,Millwall,Portsmouth,2.5,2.1,4.75,1.44,2.63,3.0,1.36,9.0,1.07,1.79,3.5,4.33,1.07,9.0,1.36,3.2,2.1,1.73,3.75,1.29,8.0,1.08,1.91,1.8,1.2,1.29,1.91
zoaCrpve,2026-02-21,12:00,ENGLAND 3,Round 34,Luton,Burton,2.4,2.25,4.5,1.36,3.0,2.75,1.4,7.0,1.1,1.76,3.6,4.33,1.05,11.0,1.29,3.5,1.93,1.93,3.25,1.33,6.5,1.11,1.8,1.95,1.2,1.29,1.95
GYFH62Ui,2026-02-21,12:00,ENGLAND 4,Round 34,Newport,Cambridge Utd,6.0,2.25,2.2,1.4,2.75,2.75,1.4,8.0,1.08,5.75,3.8,1.56,1.06,9.5,1.3,3.4,2.0,1.8,3.5,1.29,7.0,1.1,2.0,1.73,2.3,1.25,1.14
SQtCv1hS,2026-02-21,12:00,ENGLAND 4,Round 34,Crawley,Chesterfield,3.4,2.25,2.88,1.33,3.25,2.63,1.44,6.5,1.11,2.82,3.5,2.25,1.04,12.0,1.22,4.0,1.8,2.0,2.75,1.4,5.5,1.14,1.62,2.2,1.57,1.29,1.4
zTDLtHEr,2026-02-21,12:00,GREECE 1,Round 22,Olympiacos Piraeus,Panetolikos,1.4,3.25,17.0,1.22,4.0,2.0,1.73,4.33,1.2,1.1,8.0,23.0,1.02,19.0,1.13,6.0,1.44,2.7,2.1,1.67,3.5,1.29,2.5,1.5,1.01,1.08,6.0
z5ry9i6M,2026-02-21,12:00,ETHIOPIA 1,Round 20,Ethiopia Nigd Bank,Fasil Kenema,4.1,1.72,3.3,1.65,2.1,4.8,1.14,13.0,1.01,3.0,2.63,2.5,1.13,5.2,1.75,1.95,3.6,1.25,8.0,1.05,11.0,1.01,2.6,1.44,1.44,1.4,1.33
WzU63VTq,2026-02-21,12:00,ETHIOPIA 1,Round 20,Ethiopian Insurance,Adama City,3.7,1.8,3.7,1.63,2.14,4.1,1.19,11.0,1.01,2.7,2.8,2.7,1.13,5.0,1.75,1.96,3.2,1.31,6.8,1.07,0.0,0.0,2.5,1.47,1.41,1.38,1.41
CzGrDOS0,2026-02-21,12:00,ENGLAND 1,Round 27,Brentford,Brighton,2.6,2.3,4.0,1.33,3.25,2.63,1.44,6.5,1.11,2.0,3.6,3.6,1.04,12.0,1.25,4.0,1.8,2.0,3.0,1.4,5.5,1.14,1.67,2.1,1.29,1.29,1.8
IXIjB2cD,2026-02-21,12:00,ENGLAND 1,Round 27,Chelsea,Burnley,1.57,3.0,9.5,1.22,4.0,2.0,1.73,4.33,1.2,1.22,6.5,12.0,1.02,19.0,1.14,5.5,1.44,2.75,2.1,1.73,3.5,1.3,1.95,1.8,1.05,1.11,4.0
CKuJAEPF,2026-02-21,12:00,CHILE 1,Round 4,Huachipato,Palestino,4.33,2.1,2.75,1.44,2.63,3.25,1.33,9.0,1.07,3.3,3.25,1.96,1.07,9.0,1.36,3.0,2.15,1.67,4.0,1.22,9.0,1.07,1.91,1.8,1.67,1.3,1.3
8p2og07L,2026-02-21,12:00,ENGLAND 4,Round 34,Notts Co,Tranmere,2.25,2.3,5.0,1.36,3.0,2.63,1.44,7.0,1.1,1.66,3.75,4.75,1.05,11.0,1.25,3.75,1.88,1.98,3.25,1.33,6.0,1.13,1.8,1.91,1.18,1.25,2.1
IHnDklLb,2026-02-21,12:00,CYPRUS 1,Round 23,Apollon,Achnas,1.83,2.4,6.0,1.3,3.2,2.63,1.44,6.0,1.1,1.36,4.2,7.0,1.03,12.0,1.22,4.1,1.75,2.05,2.88,1.4,4.75,1.16,2.0,1.73,1.07,1.17,2.75
SMjfQeU1,2026-02-21,12:00,GREECE 1,Round 22,Asteras Tripolis,Atromitos,3.2,2.0,3.75,1.5,2.5,3.5,1.29,11.0,1.05,2.4,3.1,3.1,1.1,7.0,1.44,2.63,2.4,1.53,4.5,1.18,11.0,1.05,2.0,1.75,1.36,1.36,1.53
Uc1YUFEE,2026-02-21,12:15,SPAIN 3,Group 2,Tarazona,Sevilla FC B,2.5,2.0,4.0,1.45,2.4,3.1,1.3,0.0,0.0,1.87,3.1,3.5,0.0,0.0,1.4,2.75,2.12,1.5,4.2,1.2,0.0,0.0,1.92,1.61,1.23,1.27,1.66
KbvwElx0,2026-02-21,12:15,SPAIN 1,Round 25,Betis,Rayo Vallecano,2.5,2.2,4.33,1.36,3.0,2.75,1.4,7.0,1.1,1.9,3.4,4.33,1.06,10.0,1.29,3.75,1.93,1.93,3.2,1.36,6.0,1.13,1.75,2.0,1.2,1.3,1.91
byUqmuCG,2026-02-21,12:15,SPAIN 2,Round 27,Huesca,Mirandes,2.75,2.0,4.75,1.53,2.38,3.5,1.29,11.0,1.05,1.96,3.0,4.33,1.1,7.0,1.44,2.63,2.5,1.5,5.0,1.17,11.0,1.05,2.1,1.67,1.2,1.36,1.8
29zyk1s4,2026-02-21,12:15,SPAIN 2,Round 27,Dep. La Coruna,Eibar,2.63,2.0,5.0,1.53,2.38,3.5,1.29,11.0,1.05,1.86,3.25,4.33,1.1,7.0,1.44,2.63,2.4,1.53,4.5,1.18,11.0,1.05,2.2,1.62,1.2,1.33,1.83
GfyaGGaL,2026-02-21,12:15,SPAIN 3,Group 2,Torremolinos,Hercules,3.65,1.97,3.15,1.51,2.4,3.35,1.28,8.5,1.04,2.8,2.9,2.28,1.08,6.6,1.43,2.62,2.16,1.47,4.3,1.18,8.5,1.04,1.87,1.64,1.46,1.32,1.32
4ASBm8g3,2026-02-21,12:15,HUNGARY 1,Round 23,Kazincbarcika,Puskas Academy,5.0,2.25,2.25,1.36,3.0,2.75,1.4,7.0,1.1,4.5,3.4,1.65,1.05,11.0,1.29,3.5,1.93,1.88,3.25,1.33,6.5,1.11,1.83,1.83,2.1,1.29,1.17
4zjP3wGF,2026-02-21,12:15,SPAIN 3,Group 2,Atl. Madrid B,Gimnastic,2.16,2.1,4.75,1.38,2.7,2.66,1.36,0.0,0.0,1.61,3.5,4.25,0.0,0.0,1.3,3.25,1.83,1.68,3.3,1.3,5.5,1.08,1.81,1.69,1.16,1.22,1.9
8b13EOmm,2026-02-21,12:30,PORTUGAL 1,Round 23,Alverca,Santa Clara,3.75,1.91,3.5,1.57,2.25,3.75,1.25,13.0,1.04,2.85,2.75,2.65,1.13,6.0,1.53,2.38,2.7,1.44,5.5,1.14,13.0,1.04,2.1,1.67,1.44,1.4,1.4
l0PvZxZb,2026-02-21,12:30,BURKINA FASO 1,Round 20,ASFA Yennega,Majestic,4.25,1.75,3.1,1.65,1.9,4.3,1.15,0.0,0.0,3.4,2.72,2.22,1.1,5.1,1.67,1.95,3.08,1.28,6.6,1.05,0.0,0.0,2.44,1.47,1.52,1.37,1.27
b3MOVkJD,2026-02-21,12:30,NETHERLANDS 2,Round 28,Eindhoven FC,Almere City,3.5,2.5,2.6,1.25,3.75,2.2,1.62,5.0,1.17,3.1,3.75,2.05,1.02,19.0,1.14,5.5,1.53,2.4,2.2,1.62,3.75,1.25,1.44,2.63,1.7,1.25,1.36
M3f0SZ2s,2026-02-21,12:30,ISRAEL 1,Round 24,Maccabi Haifa,Hapoel Petah Tikva,2.05,2.5,5.5,1.29,3.5,2.38,1.53,5.5,1.14,1.53,3.8,5.0,1.03,15.0,1.18,4.5,1.6,2.3,2.5,1.5,4.33,1.2,1.67,2.1,1.14,1.22,2.25
4QfCC2Ia,2026-02-21,12:30,PORTUGAL 1,Round 23,Arouca,Nacional,3.0,2.2,3.5,1.36,3.0,2.75,1.4,8.0,1.08,2.25,3.4,3.0,1.05,11.0,1.29,3.5,1.95,1.85,3.25,1.33,6.5,1.11,1.7,2.05,1.36,1.3,1.57
ve10tisA,2026-02-21,12:30,GERMANY 3,Round 25,Ulm,Saarbrucken,3.4,2.3,2.88,1.33,3.25,2.5,1.5,6.5,1.11,2.8,3.4,2.15,1.04,13.0,1.22,4.0,1.73,2.08,2.75,1.4,5.5,1.14,1.62,2.2,1.62,1.29,1.36
hhMeVfYN,2026-02-21,12:30,BURKINA FASO 1,Round 20,Kadiogo,ASF Dioulasso,3.05,1.78,4.15,1.62,1.95,3.98,1.17,0.0,0.0,2.25,2.8,3.25,1.1,5.2,1.62,2.02,2.88,1.32,5.85,1.07,0.0,0.0,2.31,1.52,1.28,1.36,1.52
nuFrkFsK,2026-02-21,12:30,BULGARIA 1,Round 22,CSKA Sofia,Slavia Sofia,1.83,2.38,8.0,1.36,3.0,2.75,1.4,7.0,1.1,1.35,4.5,8.5,1.06,10.0,1.29,3.5,1.9,1.9,3.25,1.33,6.5,1.11,2.2,1.62,1.08,1.18,3.0
2yFJjLE7,2026-02-21,13:00,AUSTRIA 1,Round 20,SK Rapid,Wolfsberger AC,2.5,2.3,4.0,1.33,3.25,2.63,1.44,6.5,1.11,1.91,3.7,3.6,1.04,12.0,1.22,4.0,1.75,2.05,2.75,1.4,5.5,1.14,1.67,2.1,1.29,1.29,1.8
06u69FV8,2026-02-21,13:00,FRANCE 1,Round 23,Lens,Monaco,2.1,2.6,4.5,1.25,3.75,2.1,1.67,4.5,1.18,1.65,4.33,4.5,1.02,17.0,1.14,5.5,1.5,2.63,2.2,1.67,3.75,1.29,1.53,2.38,1.18,1.2,2.2
2wvje9FO,2026-02-21,13:00,Sweden - Svenska Cupen,Round 1,Sirius,Sundsvall,1.57,3.0,7.0,1.17,4.5,1.83,1.83,3.75,1.22,1.2,6.0,9.5,1.01,18.5,1.07,8.0,1.33,3.25,1.87,1.9,2.8,1.38,1.62,2.2,1.04,1.1,3.75
4nleUKgB,2026-02-21,13:00,Sweden - Svenska Cupen,Round 1,Norrkoping,Sandviken,1.73,2.63,6.0,1.22,3.75,2.2,1.62,5.0,1.14,1.33,4.75,7.0,1.01,17.0,1.13,6.0,1.5,2.55,2.3,1.6,3.55,1.25,1.67,2.1,1.06,1.13,3.0
4EK0tpro,2026-02-21,13:00,CYPRUS 1,Round 23,Pafos,Anorthosis,1.91,2.38,6.0,1.3,3.2,2.63,1.44,6.0,1.1,1.4,4.2,6.5,1.03,12.0,1.25,3.8,1.8,2.0,3.1,1.36,5.2,1.14,2.0,1.73,1.07,1.17,2.7
ALCoRNqB,2026-02-21,13:00,FRANCE 1 WOM,Round 16,Fleury 91 W,Dijon W,2.55,2.25,3.59,0.0,0.0,2.45,1.42,0.0,0.0,2.02,3.23,3.09,0.0,0.0,1.22,3.45,1.74,1.86,2.8,1.32,4.9,1.1,1.57,2.04,1.25,1.23,1.58
Us75EO6E,2026-02-21,13:00,AUSTRIA 1,Round 20,Hartberg,Grazer AK,3.1,2.0,3.75,1.5,2.5,3.4,1.3,10.0,1.06,2.25,3.3,3.1,1.08,7.5,1.4,2.75,2.3,1.6,4.33,1.2,10.0,1.06,1.95,1.8,1.36,1.33,1.57
jceEC2yR,2026-02-21,13:00,AUSTRIA 1,Round 20,Altach,Austria Vienna,3.6,2.0,3.25,1.5,2.5,3.5,1.29,11.0,1.05,2.82,3.1,2.5,1.08,8.0,1.44,2.63,2.4,1.53,4.5,1.18,11.0,1.05,2.0,1.75,1.5,1.36,1.4
via305ZG,2026-02-21,13:00,CYPRUS 1,Round 23,Ol. Nicosia,Chloraka,2.63,2.0,4.2,1.4,2.75,3.0,1.33,7.5,1.06,1.95,3.3,3.7,1.06,8.5,1.36,3.1,2.15,1.67,4.1,1.22,6.6,1.09,1.91,1.8,1.22,1.25,1.73
Kv0KtXlI,2026-02-21,13:00,ROMANIA 1,Round 28,CFR Cluj,Petrolul,2.25,2.1,6.0,1.44,2.63,3.25,1.33,9.0,1.07,1.57,3.4,6.0,1.08,8.0,1.36,3.0,2.15,1.67,3.75,1.25,9.0,1.07,2.1,1.67,1.11,1.29,2.2
6F8ExGmJ,2026-02-21,13:15,CROATIA 1,Round 23,Lok. Zagreb,Osijek,3.0,2.2,3.6,1.4,2.75,2.75,1.4,8.0,1.08,2.2,3.1,2.88,1.05,11.0,1.29,3.5,1.95,1.85,3.4,1.3,7.0,1.1,1.73,2.0,1.36,1.33,1.57
GdneaQSG,2026-02-21,13:15,ITALY 2,Round 26,Cesena,Spezia,2.88,2.05,4.0,1.44,2.63,3.25,1.33,10.0,1.06,2.15,3.1,3.5,1.08,8.0,1.36,3.0,2.2,1.65,4.0,1.22,9.0,1.07,1.95,1.8,1.29,1.36,1.67
fktTYuCb,2026-02-21,13:30,ITALY 3,Group A,Alcione Milano,Pergolettese,2.88,1.91,4.0,1.5,2.5,3.5,1.25,9.5,1.04,2.15,2.9,3.3,1.07,8.0,1.47,2.63,2.55,1.5,5.0,1.17,10.0,1.05,2.1,1.67,1.25,1.3,1.62
4nnHOi26,2026-02-21,13:30,ISRAEL 1,Round 24,Hapoel Jerusalem,Kiryat Shmona,3.25,2.2,3.2,1.4,2.75,2.75,1.4,8.0,1.08,2.55,3.1,2.45,1.05,11.0,1.29,3.5,1.95,1.85,3.4,1.3,6.5,1.11,1.73,2.0,1.5,1.33,1.44
xYPWNvDa,2026-02-21,13:30,SLOVENIA 1,Round 23,Radomlje,Primorje,2.8,2.3,3.25,1.29,3.25,2.5,1.5,5.5,1.13,2.25,3.4,2.8,1.02,13.0,1.2,4.5,1.65,2.2,2.63,1.47,4.25,1.18,1.53,2.38,1.36,1.25,1.53
AoWJ1fcM,2026-02-21,13:30,ITALY 3,Group C,Casertana,Picerno,2.63,2.0,4.2,1.4,2.75,3.2,1.3,8.5,1.05,1.95,3.2,3.8,1.06,8.5,1.4,2.88,2.25,1.62,4.33,1.2,8.5,1.06,2.0,1.73,1.22,1.29,1.73
ShZJpwZr,2026-02-21,13:30,ITALY 3,Group B,Ravenna,Sambenedettese,2.2,2.1,5.0,1.4,2.75,3.0,1.33,8.0,1.06,1.62,3.5,5.0,1.06,9.0,1.36,3.1,2.15,1.67,4.1,1.22,8.0,1.07,2.1,1.67,1.13,1.22,2.1
nqJ1IKRH,2026-02-21,13:30,ITALY 3,Group A,Renate,Inter U23,3.25,1.91,3.5,1.5,2.5,3.25,1.29,9.5,1.04,2.5,2.9,2.8,1.07,8.0,1.44,2.7,2.45,1.53,5.0,1.17,10.0,1.05,2.1,1.67,1.36,1.3,1.44
Qe9wOOct,2026-02-21,13:30,ITALY 3,Group A,Triestina,Cittadella,3.6,2.1,2.8,1.4,2.75,3.0,1.33,7.5,1.06,3.0,3.2,2.25,1.06,9.0,1.33,3.25,2.05,1.75,3.8,1.25,8.0,1.07,1.73,2.0,1.62,1.25,1.3
ERCMQQlC,2026-02-21,13:45,POLAND 1,Round 22,Gornik Zabrze,Pogon Szczecin,2.5,2.38,4.0,1.3,3.4,2.5,1.5,6.0,1.13,1.85,3.5,3.7,1.04,13.0,1.2,4.33,1.7,2.1,2.63,1.44,5.0,1.17,1.62,2.2,1.25,1.25,1.8
dpsoiG54,2026-02-21,14:00,SLOVAKIA 1,Round 21,Trnava,Podbrezova,2.25,2.3,4.33,1.29,3.25,2.5,1.5,6.0,1.11,1.73,3.7,4.1,1.02,13.0,1.2,4.5,1.67,2.15,2.7,1.44,5.0,1.17,1.62,2.2,1.17,1.2,2.0
CU0uSMw3,2026-02-21,14:00,NETHERLANDS 3,Round 23,De Treffers,IJsselmeervogels,1.98,2.5,4.6,1.2,4.0,1.98,1.65,4.0,1.2,1.53,4.3,4.85,1.01,18.0,1.1,5.75,1.38,2.6,1.91,1.7,2.9,1.31,1.47,2.35,1.16,1.19,2.42
W8nmA9Cb,2026-02-21,14:00,SWITZERLAND 1,Round 26,Servette,St. Gallen,2.6,2.3,3.75,1.3,3.4,2.5,1.5,6.0,1.13,1.96,3.75,3.4,1.03,15.0,1.22,4.0,1.7,2.1,2.63,1.44,5.0,1.17,1.62,2.2,1.3,1.25,1.8
zsgvCVsn,2026-02-21,14:00,SWITZERLAND 1,Round 26,Winterthur,Thun,5.5,2.75,1.91,1.2,4.33,2.0,1.73,4.0,1.22,5.5,5.0,1.45,1.01,23.0,1.11,6.5,1.4,2.88,1.91,1.8,3.25,1.33,1.53,2.38,2.63,1.17,1.14
AZRy4bwp,2026-02-21,14:00,ITALY 1,Round 26,Lecce,Inter,8.0,2.25,1.95,1.4,2.75,3.0,1.36,8.0,1.08,8.0,4.5,1.42,1.06,9.5,1.36,3.2,2.1,1.73,3.75,1.29,7.0,1.1,2.25,1.57,2.75,1.18,1.08
pb9fy5nR,2026-02-21,14:00,TURKEY 1,Round 23,Konyaspor,Galatasaray,6.0,2.5,1.95,1.29,3.5,2.25,1.57,5.5,1.14,6.0,4.5,1.45,1.03,15.0,1.18,4.5,1.6,2.3,2.5,1.5,4.33,1.2,1.73,2.0,2.63,1.18,1.13
fBe5eZcD,2026-02-21,14:00,CZECH 2,Round 23,Slavia Prague,Liberec,1.83,2.5,7.0,1.3,3.4,2.5,1.5,6.0,1.13,1.38,4.2,7.5,1.03,15.0,1.2,4.33,1.67,2.15,2.63,1.44,5.0,1.17,1.95,1.8,1.08,1.2,2.75
pEZCzmwg,2026-02-21,14:15,SPAIN 1 WOM,Round 21,Granada CF W,Barcelona W,17.0,5.0,1.17,1.06,7.5,1.5,2.4,2.6,1.44,56.0,21.0,1.01,1.01,35.0,1.01,13.0,1.11,5.5,1.36,2.88,1.78,1.83,2.25,1.57,14.0,1.02,1.01
bTk4OcIb,2026-02-21,14:15,BELGIUM 1,Round 26,Club Brugge KV,Leuven,1.8,2.6,7.0,1.29,3.5,2.25,1.57,5.5,1.14,1.36,4.5,7.5,1.02,17.0,1.18,4.5,1.6,2.3,2.5,1.5,4.33,1.2,1.8,1.95,1.1,1.18,3.0
GC0A30dc,2026-02-21,14:30,SPAIN 2,Round 27,Almeria,Cordoba,2.5,2.4,3.75,1.29,3.5,2.38,1.53,5.5,1.14,1.96,3.6,3.5,1.03,15.0,1.18,4.5,1.62,2.25,2.5,1.5,4.33,1.2,1.53,2.38,1.29,1.29,1.8
pSK60prI,2026-02-21,14:30,SPAIN 3,Group 1,Unionistas,Arenas Getxo,2.42,2.0,4.2,1.4,2.54,2.88,1.35,0.0,0.0,1.81,3.2,3.6,0.0,0.0,1.35,3.0,2.0,1.55,3.7,1.25,6.25,1.07,1.85,1.66,1.23,1.25,1.7
xMGkI88m,2026-02-21,14:30,PORTUGAL 3,Promotion Group,Varzim,Trofense,2.65,2.05,3.95,1.42,2.47,3.15,1.31,7.9,1.05,2.07,3.15,3.4,1.06,7.3,1.38,2.6,2.1,1.57,3.5,1.21,7.7,1.05,1.87,1.75,1.27,1.3,1.72
4YAbv4Gk,2026-02-21,14:30,HUNGARY 1,Round 23,Ujpest,DVTK,2.5,2.38,4.0,1.3,3.4,2.5,1.5,6.0,1.13,1.83,3.4,3.6,1.04,13.0,1.2,4.33,1.7,2.1,2.63,1.44,5.0,1.17,1.62,2.2,1.25,1.29,1.8
l0Rc26D5,2026-02-21,14:30,SPAIN 3,Group 1,Pontevedra,Lugo,2.95,1.97,3.9,1.51,2.4,3.35,1.28,8.5,1.04,2.12,2.9,3.1,1.08,6.6,1.43,2.62,2.16,1.47,4.3,1.18,8.5,1.04,1.9,1.62,1.28,1.3,1.52
23wbiAkC,2026-02-21,14:30,GERMANY 1,Round 23,RB Leipzig,Dortmund,2.6,2.6,3.25,1.22,4.0,2.0,1.73,4.33,1.2,2.15,3.8,3.1,1.01,21.0,1.13,6.0,1.44,2.75,2.1,1.73,3.5,1.3,1.4,2.75,1.36,1.25,1.67
IwxLl00C,2026-02-21,14:30,UAE 1,Round 17,Ittihad Kalba,Dibba Al Fujairah,2.5,2.2,4.0,1.33,3.0,2.75,1.4,6.5,1.08,1.91,3.4,3.7,1.04,11.0,1.25,3.8,1.87,1.9,3.1,1.36,6.5,1.1,1.67,2.1,1.22,1.25,1.8
E5VTnvVO,2026-02-21,14:30,UAE 1,Round 17,Al Wasl,Al Bataeh,1.91,2.4,5.5,1.29,3.25,2.38,1.53,5.5,1.13,1.4,4.5,6.5,1.01,15.0,1.2,4.5,1.65,2.2,2.63,1.47,5.0,1.17,1.73,2.0,1.08,1.17,2.63
rBIqH6dU,2026-02-21,14:30,NORTHERN IRELAND 2,Round 30,Portadown,Dungannon,3.25,2.1,3.1,1.36,2.88,2.88,1.36,7.0,1.07,2.55,3.2,2.55,1.05,10.0,1.3,3.4,2.0,1.8,3.5,1.29,7.5,1.08,1.73,2.0,1.44,1.25,1.44
2wYeU9Mt,2026-02-21,14:30,SPAIN 1,Round 25,Osasuna,Real Madrid,4.75,2.4,2.2,1.3,3.4,2.38,1.53,6.0,1.13,4.5,3.9,1.7,1.03,15.0,1.2,4.5,1.67,2.2,2.63,1.5,4.5,1.2,1.67,2.1,2.1,1.25,1.18
4laoTzJb,2026-02-21,14:30,ENGLAND 1,Round 27,West Ham,Bournemouth,2.88,2.4,3.2,1.25,3.75,2.25,1.57,5.5,1.14,2.35,3.7,2.8,1.03,15.0,1.17,5.0,1.57,2.38,2.3,1.62,4.33,1.22,1.5,2.5,1.4,1.29,1.57
8Kh8QDXg,2026-02-21,14:30,ISRAEL 1,Round 24,Sakhnin,Hapoel Tel Aviv,5.5,2.2,2.25,1.4,2.75,2.75,1.4,8.0,1.08,5.0,3.4,1.6,1.05,11.0,1.29,3.5,1.98,1.83,3.4,1.3,7.0,1.1,1.91,1.8,2.2,1.29,1.14
AX8xcByQ,2026-02-21,14:30,SPAIN 3,Group 1,Arenteiro,Tenerife,5.5,2.0,2.14,1.45,2.4,3.1,1.3,0.0,0.0,5.0,3.4,1.54,1.07,6.25,1.44,2.63,2.12,1.5,4.33,1.18,0.0,0.0,2.12,1.5,2.0,1.22,1.13
x0pPMVWI,2026-02-21,14:30,ISRAEL 1,Round 24,Ironi Tiberias,Maccabi Bnei Raina,2.63,2.3,3.75,1.33,3.25,2.63,1.44,6.5,1.11,1.95,3.4,3.2,1.04,13.0,1.22,4.0,1.75,2.05,2.75,1.4,5.5,1.14,1.67,2.1,1.33,1.29,1.73
fsWeXLg4,2026-02-21,14:45,NETHERLANDS 1,Round 24,PSV,Heerenveen,1.73,2.88,6.0,1.18,4.5,1.83,1.83,3.75,1.25,1.36,5.5,7.0,1.01,26.0,1.08,8.0,1.33,3.4,1.8,1.91,2.75,1.4,1.5,2.5,1.1,1.14,3.0
8pMUaPYg,2026-02-21,15:00,PORTUGAL 1,Round 23,Benfica,AFS,1.36,3.5,17.0,1.18,4.5,1.83,1.83,3.75,1.25,1.08,11.0,21.0,1.01,23.0,1.1,7.0,1.33,3.4,1.83,1.83,3.0,1.36,2.5,1.5,1.01,1.05,8.0
rRELiQKt,2026-02-21,15:00,BAHRAIN 1,Round 15,Malkia,Al Khalidiyah,6.0,2.2,2.0,1.36,2.88,2.88,1.36,7.0,1.07,6.0,3.8,1.5,1.05,10.0,1.3,3.4,2.0,1.8,3.5,1.29,7.5,1.08,2.1,1.67,2.4,1.2,1.08
zVdF2y45,2026-02-21,15:00,BRAZIL BRASILEIRO WOMEN,Round 2,America Mineiro W,Internacional W,8.25,2.07,1.98,1.52,2.37,3.25,1.29,7.2,1.06,8.75,4.05,1.4,1.09,6.1,1.44,2.6,2.27,1.57,4.0,1.2,7.0,1.07,2.7,1.4,2.95,1.21,1.08
fFXphYWp,2026-02-21,15:00,PORTUGAL 1,Round 23,Moreirense,Sporting CP,9.0,2.6,1.73,1.3,3.4,2.38,1.53,6.0,1.13,11.0,5.0,1.27,1.04,13.0,1.2,4.33,1.67,2.15,2.63,1.44,5.0,1.17,2.05,1.7,3.4,1.17,1.05
MeUzJSRH,2026-02-21,15:00,NORTHERN IRELAND 2,Round 30,Linfield,Glentoran,2.4,2.1,4.33,1.36,2.88,3.0,1.33,7.5,1.06,1.8,3.3,4.1,1.05,9.0,1.33,3.25,2.05,1.75,3.8,1.25,8.0,1.07,1.83,1.83,1.2,1.25,1.83
zPglMhFE,2026-02-21,15:00,FRANCE 1,Round 23,Toulouse,Paris FC,2.5,2.1,4.75,1.44,2.63,3.25,1.33,10.0,1.06,1.85,3.4,4.5,1.08,8.0,1.4,3.0,2.2,1.67,4.0,1.25,9.0,1.07,2.0,1.75,1.18,1.3,1.91
GYZ2udRb,2026-02-21,15:00,PERU 1,Apertura,FC Cajamarca,FBC Melgar,4.5,2.1,2.5,1.4,2.75,3.0,1.36,8.0,1.08,3.9,3.25,1.85,1.07,9.0,1.33,3.25,2.05,1.75,3.75,1.25,8.0,1.08,1.83,1.83,1.8,1.3,1.22
zsZS6NkU,2026-02-21,15:00,PORTUGAL 2,Round 23,Oliveirense,Leiria,3.6,2.2,3.0,1.4,2.75,2.75,1.4,8.0,1.08,2.9,3.1,2.2,1.06,9.5,1.3,3.4,2.0,1.8,3.4,1.3,7.0,1.1,1.73,2.0,1.57,1.33,1.36
IXHWGeHr,2026-02-21,15:00,OMAN 1,Round 15,Al Seeb,Oman Club,2.06,2.23,5.5,0.0,0.0,1.28,2.95,1.89,1.68,1.51,3.57,5.4,0.0,0.0,1.28,2.95,1.89,1.68,3.2,1.23,0.0,0.0,1.94,1.68,1.08,1.19,2.12
lOBUjZs3,2026-02-21,15:30,QATAR 1,Round 16,Al-Duhail,Al Arabi,2.3,2.4,3.75,1.22,3.75,2.25,1.57,5.0,1.14,1.8,3.8,3.6,1.01,15.0,1.14,5.5,1.5,2.55,2.38,1.57,4.2,1.22,1.5,2.5,1.22,1.2,1.83
zgkRFu6D,2026-02-21,15:30,POLAND 2,Round 22,Pruszkow,Grodzisk M.,3.1,2.38,2.88,1.29,3.5,2.25,1.57,5.5,1.14,2.6,3.5,2.38,1.03,15.0,1.18,4.5,1.6,2.3,2.5,1.5,4.33,1.2,1.5,2.5,1.53,1.29,1.5
tCFyvhh3,2026-02-21,15:30,POLAND 2,Round 22,Ruch Chorzow,Polonia Warszawa,2.88,2.25,3.5,1.36,3.0,2.63,1.44,7.0,1.1,2.3,3.3,2.8,1.05,11.0,1.25,3.75,1.83,1.98,3.0,1.36,6.0,1.13,1.67,2.1,1.4,1.33,1.57
S8k2PhwA,2026-02-21,15:30,POLAND 2,Round 22,Legnica,Chrobry Glogow,2.5,2.25,4.33,1.36,3.0,2.63,1.44,7.0,1.1,1.83,3.5,3.75,1.05,11.0,1.25,3.75,1.85,1.95,3.25,1.33,6.0,1.13,1.73,2.0,1.22,1.25,1.8
Aaqm1nb4,2026-02-21,15:30,ITALY 2,Round 26,Carrarese,Monza,4.33,2.1,2.75,1.4,2.75,3.0,1.36,8.0,1.08,3.6,3.3,2.01,1.07,9.0,1.33,3.25,2.05,1.75,3.5,1.29,8.0,1.08,1.8,1.95,1.73,1.33,1.29
WIFzqNVo,2026-02-21,15:30,ROMANIA 1,Round 28,FC Rapid Bucuresti,Din. Bucuresti,3.5,2.1,3.1,1.4,2.75,3.0,1.36,8.0,1.08,2.88,3.1,2.35,1.06,9.5,1.3,3.4,2.0,1.8,3.5,1.29,7.0,1.1,1.8,1.91,1.53,1.33,1.36
86XCh8uR,2026-02-21,15:45,JORDAN 1,Round 16,Al Hussein,Al Wehdat,2.79,2.14,3.43,1.34,2.75,0.0,0.0,0.0,0.0,2.22,3.08,2.83,0.0,0.0,1.28,3.05,1.91,1.7,3.25,1.25,6.0,1.07,1.68,1.93,1.29,1.25,1.48
2mzV1pTG,2026-02-21,16:00,BRAZIL GAUCHO,Trofu Farroupilha,SER Caxias,Sao Luiz,2.05,2.3,6.0,1.36,3.0,2.63,1.44,7.0,1.1,1.48,3.5,6.5,1.06,10.0,1.25,3.75,1.95,1.85,3.25,1.33,6.0,1.13,1.91,1.8,1.1,1.25,2.5
Ymi3f1YP,2026-02-21,16:00,BELGIUM 2,Round 26,Eupen,Francs Borains,2.75,2.2,3.75,1.36,3.0,2.75,1.4,7.0,1.1,2.05,3.25,3.0,1.05,11.0,1.29,3.5,1.9,1.9,3.25,1.33,6.5,1.11,1.73,2.0,1.33,1.3,1.67
xQCVMxpI,2026-02-21,16:00,BRAZIL MINEIRO,5th-8th places,Uberlandia,North Esporte Clube,3.1,2.1,3.2,1.36,2.88,2.88,1.36,7.0,1.07,2.5,3.1,2.7,1.05,10.0,1.3,3.4,2.0,1.8,3.5,1.29,6.5,1.1,1.67,2.1,1.44,1.25,1.44
2qJix2Cs,2026-02-21,16:00,BELGIUM 2,Round 26,K. Lierse S.K.,Gent U23,3.2,2.25,3.1,1.33,3.25,2.63,1.44,6.5,1.11,2.55,3.3,2.38,1.04,12.0,1.22,4.0,1.8,2.0,2.75,1.4,5.5,1.14,1.62,2.2,1.5,1.3,1.44
SfU3VaOG,2026-02-21,16:00,NETHERLANDS 1,Round 24,NAC Breda,FC Volendam,2.05,2.4,5.5,1.3,3.4,2.5,1.5,6.0,1.13,1.57,4.0,6.0,1.04,13.0,1.2,4.33,1.7,2.1,2.63,1.44,5.0,1.17,1.75,2.0,1.13,1.22,2.3
SAd4YK0U,2026-02-21,16:00,SAUDI ARABIA 1,Round 23,Al Khaleej,Neom SC,3.1,2.3,3.1,1.33,3.25,2.5,1.5,6.5,1.11,2.5,3.4,2.5,1.04,13.0,1.22,4.0,1.73,2.08,2.75,1.4,5.5,1.14,1.57,2.25,1.5,1.3,1.5
UkDWuo2t,2026-02-21,16:00,SAUDI ARABIA 1,Round 23,Al Hilal,Al Ittihad,1.95,2.63,5.5,1.25,3.75,2.1,1.67,4.5,1.18,1.48,4.33,5.25,1.02,19.0,1.14,5.5,1.5,2.5,2.1,1.67,3.75,1.25,1.57,2.25,1.14,1.18,2.5
U3e89qJk,2026-02-21,16:00,ECUADOR 1,Round 1,Aucas,Mushuc Runa,2.63,2.1,4.5,1.44,2.63,3.25,1.33,9.0,1.07,1.91,3.1,4.0,1.08,8.0,1.36,3.0,2.2,1.65,4.0,1.22,9.0,1.07,1.91,1.8,1.22,1.36,1.8
I1x3C4Yq,2026-02-21,16:00,FRANCE 2,Round 24,St Etienne,Laval,2.1,2.3,6.0,1.36,3.0,2.75,1.4,7.0,1.1,1.55,3.5,5.25,1.05,11.0,1.29,3.5,1.9,1.9,3.25,1.33,6.5,1.11,1.91,1.8,1.14,1.25,2.25
vLEE7EYI,2026-02-21,16:00,COLOMBIA 1,Apertura,Once Caldas,Fortaleza,2.4,2.1,5.5,1.44,2.63,3.4,1.3,10.0,1.06,1.8,3.3,5.0,1.08,7.5,1.4,2.75,2.25,1.62,4.0,1.22,10.0,1.06,2.1,1.67,1.17,1.33,1.95
fcbdzsWH,2026-02-21,16:00,SAUDI ARABIA 1,Round 23,Al Nassr,Al Hazem,1.44,3.25,11.0,1.18,4.5,1.88,1.93,3.75,1.25,1.14,7.0,15.0,1.01,26.0,1.08,8.0,1.33,3.25,1.8,1.91,2.75,1.4,1.91,1.8,1.03,1.1,5.5
bBC0ztsf,2026-02-21,16:00,BELGIUM 2,Round 26,Sporting Lokeren,Lommel SK,3.1,2.2,3.25,1.36,3.0,2.63,1.44,7.0,1.1,2.4,3.2,2.5,1.05,11.0,1.25,3.75,1.85,1.95,3.25,1.33,6.0,1.13,1.67,2.1,1.44,1.33,1.5
U5RpYUlT,2026-02-21,16:30,VENEZUELA 1,Apertura,Rayo Zuliano,Puerto Cabello,4.5,2.0,2.5,1.4,2.75,3.2,1.3,8.5,1.05,4.0,3.2,1.91,1.06,8.5,1.4,2.88,2.2,1.65,4.2,1.22,8.5,1.06,2.0,1.73,1.83,1.25,1.2
6kVrJTPO,2026-02-21,16:30,GERMANY 2,Round 23,Schalke,Magdeburg,2.75,2.3,3.6,1.33,3.25,2.5,1.5,6.5,1.11,2.2,3.5,3.1,1.04,12.0,1.22,4.0,1.75,2.05,2.75,1.4,5.5,1.14,1.62,2.2,1.36,1.29,1.67
pnL5U8km,2026-02-21,16:30,POLAND 1,Round 22,Legia,Wisla Plock,2.2,2.25,5.5,1.4,2.75,2.75,1.4,8.0,1.08,1.62,3.6,5.25,1.05,11.0,1.29,3.5,1.98,1.83,3.4,1.3,7.0,1.1,1.95,1.8,1.17,1.29,2.25
C8sqQIhf,2026-02-21,16:30,SCOTLAND 1,Round 28,St. Mirren,Motherwell,3.5,2.1,3.1,1.4,2.75,2.75,1.4,8.0,1.08,3.0,3.2,2.35,1.06,9.5,1.3,3.5,2.0,1.8,3.5,1.3,6.5,1.11,1.75,2.0,1.53,1.36,1.36
vRSZx5vC,2026-02-21,16:30,EGYPT CUP,Quarter-finals,WE SC,Enppi,5.0,1.91,2.5,1.5,2.4,3.8,1.22,11.0,1.01,4.6,3.0,1.8,1.07,7.0,1.5,2.4,2.75,1.4,5.5,1.11,11.0,1.01,2.25,1.57,1.91,1.33,1.17
bo54iPUa,2026-02-21,16:30,USA 1,-,St. Louis City,Charlotte,2.88,2.3,3.4,1.3,3.4,2.5,1.5,6.0,1.13,2.25,3.5,3.0,1.04,13.0,1.2,4.33,1.67,2.15,2.63,1.44,5.0,1.17,1.53,2.38,1.36,1.29,1.57
4Mpe8msB,2026-02-21,16:30,SWITZERLAND 1,Round 26,Grasshoppers,Zurich,3.0,2.3,3.25,1.3,3.4,2.5,1.5,6.0,1.13,2.35,3.6,2.7,1.04,13.0,1.2,4.33,1.67,2.15,2.63,1.44,5.0,1.17,1.57,2.25,1.4,1.29,1.53
8xArFguo,2026-02-21,16:45,BELGIUM 1,Round 26,Royale Union SG,Antwerp,1.95,2.38,7.0,1.33,3.25,2.63,1.44,7.0,1.1,1.42,4.0,7.5,1.05,11.0,1.29,3.5,1.93,1.88,3.25,1.33,6.5,1.11,2.0,1.75,1.1,1.22,2.75
Wr72kaOj,2026-02-21,16:45,ITALY 1,Round 26,Cagliari,Lazio,4.0,2.0,3.1,1.5,2.5,3.5,1.29,11.0,1.05,3.4,3.0,2.35,1.1,7.0,1.44,2.75,2.38,1.57,4.5,1.2,10.0,1.06,2.0,1.75,1.57,1.36,1.3
rqZW3DxH,2026-02-21,17:00,URUGUAY 1,Apertura,Boston River,Albion,3.1,1.91,4.33,1.57,2.25,3.75,1.25,11.0,1.05,2.2,2.75,3.3,1.11,6.5,1.5,2.5,2.6,1.48,5.0,1.17,13.0,1.04,2.2,1.62,1.3,1.36,1.57
hlfbLWqQ,2026-02-21,17:00,SPAIN 1,Round 25,Atl. Madrid,Espanyol,2.0,2.3,6.5,1.36,3.0,2.63,1.44,7.0,1.1,1.5,4.1,7.0,1.05,11.0,1.29,3.75,1.88,1.98,3.2,1.36,6.0,1.13,1.95,1.8,1.1,1.22,2.5
ENAkfdJq,2026-02-21,17:00,SPAIN 2,Round 27,Las Palmas,Castellon,3.2,2.1,3.4,1.44,2.63,3.0,1.36,9.0,1.07,2.45,3.2,2.7,1.07,8.5,1.33,3.25,2.08,1.73,3.75,1.25,8.0,1.08,1.8,1.91,1.4,1.36,1.5
4pHM4Ocf,2026-02-21,17:00,ARGENTINA 1,Apertura,Ind. Rivadavia,Independiente,3.5,1.91,3.75,1.62,2.2,4.0,1.22,13.0,1.04,2.65,2.75,3.1,1.14,5.5,1.57,2.25,2.88,1.4,6.0,1.13,15.0,1.03,2.2,1.62,1.36,1.4,1.44
QwtIRNsf,2026-02-21,17:00,ENGLAND 1,Round 27,Manchester City,Newcastle,1.91,2.75,5.5,1.22,4.0,2.0,1.73,4.33,1.2,1.45,5.0,5.5,1.02,19.0,1.13,6.0,1.44,2.75,2.1,1.73,3.5,1.3,1.57,2.25,1.14,1.17,2.63
pEuYooTO,2026-02-21,17:00,SPAIN 3,Group 1,Real Aviles,Real Madrid B,3.05,2.17,3.2,1.36,2.9,2.62,1.43,6.2,1.09,2.33,3.2,2.5,1.04,9.3,1.25,3.55,1.73,1.77,3.0,1.34,5.5,1.11,1.6,1.94,1.4,1.27,1.42
prPF8XbS,2026-02-21,17:00,ARGENTINA 1,Apertura,Platense,Barracas Central,2.88,1.83,5.5,1.67,2.1,4.33,1.2,15.0,1.03,1.96,3.1,4.2,1.14,5.5,1.67,2.1,3.4,1.33,7.0,1.1,17.0,1.02,2.63,1.44,1.22,1.36,1.8
n3z9gADd,2026-02-21,17:00,PORTUGAL 3,Promotion Group,Os Belenenses,Academica,2.92,2.0,3.6,1.4,2.5,3.1,1.32,7.7,1.05,2.42,2.85,3.05,1.07,7.0,1.37,2.62,2.07,1.6,3.4,1.23,7.4,1.06,1.75,1.85,1.36,1.35,1.53
EPuKN8M7,2026-02-21,17:00,NETHERLANDS 1,Round 24,Ajax,Nijmegen,2.25,2.6,4.0,1.22,4.0,2.1,1.67,4.5,1.18,1.75,4.33,4.0,1.01,21.0,1.13,6.0,1.44,2.7,2.1,1.67,3.5,1.29,1.44,2.63,1.22,1.2,2.0
ENKl5KeD,2026-02-21,17:00,ARGENTINA 2,Round 2,Almagro,San Martin T.,3.75,1.73,4.33,1.8,1.91,5.5,1.14,19.0,1.02,2.55,2.65,3.25,1.18,4.5,1.83,1.83,4.0,1.25,9.0,1.07,21.0,1.01,2.75,1.4,1.33,1.44,1.5
S6l7RACF,2026-02-21,17:00,ARGENTINA 2,Round 2,Nueva Chicago,Tristan Suarez,3.2,1.83,4.5,1.62,2.2,4.0,1.22,13.0,1.04,2.25,2.82,3.5,1.14,5.5,1.62,2.2,3.1,1.36,6.5,1.11,15.0,1.03,2.38,1.53,1.29,1.4,1.57
02rt8zhf,2026-02-21,17:00,BRAZIL CATARINENSE,5th-8th places,Avai,Santa Catarina,2.1,2.1,5.5,1.36,2.88,3.0,1.33,7.5,1.06,1.55,3.8,5.5,1.06,9.0,1.33,3.25,2.1,1.73,3.8,1.25,8.0,1.07,2.1,1.67,1.1,1.2,2.3
ttLUU5pn,2026-02-21,17:00,FRANCE 1 WOM,Round 16,Marseille W,Lyon W,15.0,4.04,1.25,0.0,0.0,1.68,1.93,0.0,0.0,25.0,11.0,1.01,0.0,0.0,0.0,0.0,1.24,3.3,1.63,2.0,2.4,1.44,2.8,1.3,3.0,1.15,1.01
h4xo7vMG,2026-02-21,17:00,ARGENTINA 2,Round 2,Acassuso,Racing Cordoba,3.75,1.83,3.75,1.67,2.1,4.33,1.2,15.0,1.03,2.75,2.75,2.82,1.17,5.0,1.62,2.2,3.1,1.36,6.5,1.11,17.0,1.02,2.38,1.53,1.4,1.4,1.4
MLTE7g0L,2026-02-21,17:05,FRANCE 1,Round 23,PSG,Metz,1.44,3.5,11.0,1.14,5.5,1.73,2.0,3.4,1.3,1.14,9.0,13.0,1.01,26.0,1.07,9.0,1.25,4.0,1.67,2.2,2.5,1.53,1.8,1.95,1.04,1.07,5.5
MLPWFyPi,2026-02-21,17:30,PORTUGAL 1,Round 23,Braga,Vitoria Guimaraes,2.1,2.25,6.0,1.36,3.0,2.75,1.4,8.0,1.08,1.53,3.75,6.0,1.05,11.0,1.25,3.75,1.85,1.95,3.0,1.36,6.0,1.13,1.95,1.8,1.13,1.25,2.3
KKBBjme4,2026-02-21,18:00,ALGERIA 1,Round 20,USM Alger,Saoura,2.38,2.0,5.5,1.5,2.5,3.5,1.25,9.5,1.04,1.67,3.3,5.0,1.07,8.0,1.47,2.63,2.55,1.5,5.0,1.17,11.0,1.04,2.25,1.57,1.13,1.25,2.0
bLBKx8cl,2026-02-21,18:00,CHILE 1,Round 4,O'Higgins,Colo Colo,4.33,2.2,2.6,1.4,2.75,2.75,1.4,8.0,1.08,3.4,3.5,1.86,1.05,11.0,1.3,3.4,2.0,1.8,3.5,1.29,7.0,1.1,1.83,1.83,1.73,1.25,1.29
6k5b6J4t,2026-02-21,18:00,BRAZIL BRASILEIRO WOMEN,Round 2,Ferroviaria W,Botafogo RJ W,1.95,2.3,6.2,1.35,2.92,2.5,1.47,5.3,1.12,1.45,4.25,6.6,1.04,8.25,1.23,3.75,1.67,2.07,2.62,1.44,4.4,1.17,1.85,1.85,1.11,1.2,2.75
rmjqLRup,2026-02-21,18:00,PERU 1,Apertura,Sporting Cristal,U. de Deportes,3.75,2.1,2.88,1.4,2.75,3.0,1.36,8.0,1.08,2.9,3.5,2.15,1.06,10.0,1.33,3.25,2.05,1.75,3.5,1.29,7.0,1.1,1.83,1.83,1.62,1.25,1.36
IkGQEVun,2026-02-21,18:10,COLOMBIA 1,Apertura,Bucaramanga,Dep. Cali,2.38,2.0,6.0,1.53,2.38,3.5,1.29,11.0,1.05,1.67,3.4,6.0,1.11,6.5,1.44,2.63,2.5,1.5,5.0,1.17,11.0,1.05,2.38,1.53,1.13,1.3,2.15
ziwPnyS7,2026-02-21,18:30,BRAZIL MINEIRO,Play Offs,Pouso Alegre,Cruzeiro,8.0,2.38,1.8,1.33,3.0,2.75,1.4,6.5,1.08,9.0,4.5,1.33,1.04,11.0,1.29,3.5,1.9,1.87,3.4,1.3,6.5,1.1,2.25,1.57,3.1,1.14,1.04
jTYvxi2S,2026-02-21,18:30,BOLIVIA TORNEO AMISTOSO DE VERANO,Quarter-finals,Independiente,Blooming,2.61,2.73,2.73,0.0,0.0,1.61,1.82,0.0,0.0,2.27,3.74,2.37,0.0,0.0,0.0,0.0,1.22,3.67,0.0,0.0,0.0,0.0,1.22,3.1,1.43,1.17,1.49
EqpnWNBk,2026-02-21,18:30,PARAGUAY 1,Apertura,Cerro Porteno,Olimpia Asuncion,3.0,2.1,3.75,1.4,2.75,3.0,1.36,8.0,1.08,2.2,2.9,3.1,1.06,10.0,1.33,3.25,2.08,1.73,3.5,1.29,8.0,1.08,1.8,1.91,1.33,1.36,1.57
xUbG7Nm2,2026-02-21,18:30,ECUADOR 1,Round 1,Barcelona SC,Tecnico U.,2.0,2.2,7.5,1.44,2.63,3.25,1.33,9.0,1.07,1.42,4.0,7.5,1.06,10.0,1.33,3.25,2.1,1.7,3.75,1.25,8.0,1.08,2.38,1.53,1.1,1.22,2.63
netzgkpn,2026-02-21,18:30,BRAZIL GAUCHO,Play Offs,Internacional,Ypiranga FC,1.91,2.25,9.5,1.44,2.63,3.25,1.33,9.0,1.07,1.33,3.9,10.0,1.08,8.0,1.36,3.0,2.15,1.67,3.75,1.25,9.0,1.07,2.63,1.44,1.05,1.22,3.0
jk87StGt,2026-02-21,18:30,BRAZIL PAULISTA,Play Offs,Bragantino,Sao Paulo,3.1,2.05,3.75,1.44,2.63,3.25,1.33,10.0,1.06,2.4,3.0,3.1,1.08,7.5,1.36,3.0,2.25,1.62,4.0,1.22,9.0,1.07,1.91,1.91,1.36,1.36,1.53
jgNBk3aC,2026-02-21,18:45,USA 1,-,FC Cincinnati,Atlanta Utd,2.4,2.38,4.0,1.3,3.4,2.38,1.53,6.0,1.13,1.81,3.7,4.2,1.03,15.0,1.18,4.5,1.65,2.2,2.5,1.5,4.5,1.18,1.57,2.25,1.22,1.29,1.91
thVplUS1,2026-02-21,19:00,TRINIDAD AND TOBAGO 1,-,Eagles FC,La Horquetta,2.44,2.36,3.38,0.0,0.0,2.1,1.57,0.0,0.0,1.94,3.42,2.98,0.0,0.0,1.14,4.35,1.5,2.25,2.25,1.5,3.75,1.19,1.44,2.4,1.26,1.2,1.61
b7NkwH8b,2026-02-21,19:00,MOROCCO 1,Round 13,Union Touarga,FAR Rabat,7.5,2.1,2.1,1.44,2.63,3.25,1.33,10.0,1.06,6.5,3.4,1.48,1.07,9.0,1.36,3.0,2.2,1.65,4.0,1.22,9.0,1.07,2.38,1.53,2.5,1.29,1.1
MRqYKZhU,2026-02-21,19:00,MOROCCO 1,Round 13,Dcheira,Wydad AC,7.5,2.2,2.05,1.44,2.63,3.25,1.33,9.0,1.07,8.5,3.6,1.4,1.07,9.0,1.36,3.0,2.15,1.67,3.75,1.25,9.0,1.07,2.25,1.57,2.63,1.25,1.07
8vZL8icL,2026-02-21,19:00,ARGENTINA 2,Round 2,Deportivo Madryn,Deportivo Moron,3.2,1.73,5.0,1.8,1.91,5.5,1.14,19.0,1.02,2.15,2.57,4.33,1.22,4.0,1.83,1.83,4.0,1.25,9.0,1.07,23.0,1.01,2.75,1.4,1.2,1.44,1.67
r5MfGFZF,2026-02-21,19:00,BRAZIL CATARINENSE,Play Offs,Barra FC,Camboriu,2.4,2.0,5.0,1.44,2.63,3.25,1.29,9.5,1.04,1.75,3.2,4.6,1.07,8.0,1.44,2.7,2.45,1.53,4.5,1.2,9.0,1.05,2.2,1.62,1.14,1.25,1.91
KIhRnAz2,2026-02-21,19:00,ARGENTINA 2,Round 2,Ferro,San Miguel,3.4,1.73,4.5,1.8,1.91,5.5,1.14,19.0,1.02,2.4,2.65,3.6,1.2,4.33,1.83,1.83,4.0,1.25,9.0,1.07,21.0,1.01,2.75,1.4,1.29,1.44,1.53
xzPotmln,2026-02-21,19:00,GUATEMALA 1,Clausura,Malacateco,Deportivo Achuapa,1.96,2.32,5.6,0.0,0.0,2.43,1.42,0.0,0.0,1.44,3.83,5.6,0.0,0.0,1.23,3.4,1.75,1.86,2.8,1.32,4.9,1.1,1.84,1.76,1.07,1.17,2.25
lY3WV32D,2026-02-21,19:00,BRAZIL GAUCHO,Relegation,Inter Santa Maria,Guarany de Bage,3.25,1.91,4.0,1.62,2.2,4.0,1.22,13.0,1.04,2.3,2.88,3.0,1.13,6.0,1.57,2.25,2.7,1.44,6.0,1.13,13.0,1.04,2.25,1.57,1.33,1.36,1.53
QJTCFuCC,2026-02-21,19:15,ARGENTINA 1,Apertura,Dep. Riestra,Huracan,3.75,1.8,3.75,1.73,2.0,5.0,1.17,17.0,1.02,2.85,2.65,2.85,1.17,4.75,1.73,2.0,3.5,1.3,8.0,1.08,19.0,1.02,2.5,1.5,1.4,1.44,1.4
YqXKDJtP,2026-02-21,19:15,ARGENTINA 1,Apertura,Banfield,Newells Old Boys,3.2,1.91,4.0,1.57,2.25,3.75,1.25,13.0,1.04,2.32,3.0,3.3,1.13,6.0,1.53,2.38,2.7,1.44,5.5,1.14,13.0,1.04,2.1,1.67,1.33,1.36,1.53
YRiFLutf,2026-02-21,20:00,ARGENTINA 2,Round 2,Quilmes,Midland,2.5,1.91,6.5,1.62,2.2,4.0,1.22,13.0,1.04,1.71,3.4,5.0,1.13,6.0,1.62,2.2,2.88,1.4,6.0,1.13,15.0,1.03,2.63,1.44,1.17,1.3,2.0
lScG1ey9,2026-02-21,20:00,MEXICO 1,Clausura,Atlas,Atl. San Luis,3.1,2.2,3.4,1.4,2.75,2.75,1.4,8.0,1.08,2.45,3.4,2.75,1.06,10.0,1.29,3.5,1.95,1.85,3.4,1.3,6.5,1.11,1.75,2.0,1.4,1.3,1.5
OYgqUVV8,2026-02-21,20:00,MEXICO 2,Clausura,Atlante,Alebrijes Oaxaca,1.73,2.5,7.0,1.29,3.3,2.4,1.5,6.5,1.08,1.29,4.75,8.5,1.01,13.0,1.17,4.5,1.65,2.1,2.75,1.4,4.45,1.17,2.0,1.73,1.06,1.14,3.3
KtoaTWs3,2026-02-21,20:00,ARGENTINA 2,Round 2,San Martin S.J.,Club A. Guemes,2.5,1.91,6.5,1.62,2.2,4.0,1.22,13.0,1.04,1.76,3.25,5.0,1.14,5.5,1.62,2.2,2.88,1.4,6.5,1.11,15.0,1.03,2.63,1.44,1.17,1.33,1.95
2FVHnwHG,2026-02-21,20:00,MEXICO 1 WOM,Clausura,Monterrey W,Atl. San Luis W,1.45,3.0,9.25,1.14,4.9,1.78,1.75,3.4,1.27,1.14,6.6,12.5,1.01,26.0,1.04,6.95,1.26,3.2,1.7,1.93,2.55,1.42,1.81,1.69,1.03,1.07,3.6
tUCzTNmK,2026-02-21,20:00,ARGENTINA 2,Round 2,Patronato,Gimnasia y Tiro,3.4,1.8,4.5,1.75,2.05,5.0,1.17,17.0,1.02,2.32,2.75,3.5,1.18,4.5,1.73,2.0,3.5,1.3,8.0,1.08,19.0,1.02,2.63,1.44,1.29,1.4,1.53
fL4m7tR0,2026-02-21,20:00,ARGENTINA 2,Round 2,Deportivo Maipu,Atl. Rafaela,3.2,1.83,4.5,1.67,2.1,4.33,1.2,15.0,1.03,2.25,2.65,3.8,1.17,5.0,1.67,2.1,3.1,1.36,6.5,1.11,17.0,1.02,2.38,1.53,1.25,1.44,1.57
Sr8eaxiS,2026-02-21,20:15,HONDURAS 1,Clausura,Olancho,Marathon,3.5,2.2,2.75,1.33,3.0,2.75,1.4,6.5,1.08,2.88,3.3,2.25,1.04,11.0,1.25,3.8,1.87,1.9,3.25,1.33,6.5,1.1,1.67,2.1,1.57,1.25,1.33
QFJYC9Ab,2026-02-21,20:20,COLOMBIA 1,Apertura,Atl. Nacional,Alianza,1.83,2.5,8.0,1.33,3.25,2.63,1.44,6.5,1.11,1.36,4.5,9.0,1.04,13.0,1.22,4.0,1.75,2.05,2.75,1.4,5.5,1.14,2.1,1.67,1.07,1.18,3.0
GdXv2i7T,2026-02-21,20:30,URUGUAY 1,Apertura,Progreso,Nacional,6.5,2.3,2.0,1.36,3.0,2.63,1.44,7.0,1.1,5.5,4.1,1.48,1.04,13.0,1.25,3.75,1.83,1.98,3.0,1.36,6.0,1.13,2.0,1.73,2.5,1.2,1.13
zwYc8wVO,2026-02-21,20:30,BRAZIL PAULISTA,Play Offs,Palmeiras,Capivariano,1.53,2.75,15.0,1.29,3.5,2.38,1.53,5.5,1.14,1.14,5.75,17.0,1.03,15.0,1.2,4.33,1.65,2.2,2.63,1.44,4.5,1.18,2.63,1.44,1.02,1.13,5.0
S03yZPdD,2026-02-21,20:30,CHILE 1,Round 4,U. Catolica,Coquimbo,2.75,2.05,4.5,1.44,2.63,3.25,1.33,10.0,1.06,1.96,3.1,3.7,1.08,8.0,1.4,2.75,2.25,1.62,4.0,1.22,9.0,1.07,1.91,1.8,1.29,1.36,1.8
hvUsr4PE,2026-02-21,21:00,ECUADOR 1,Round 1,U. Catolica,Emelec,2.1,2.38,5.5,1.33,3.25,2.63,1.44,6.5,1.11,1.51,3.9,5.5,1.04,12.0,1.25,3.75,1.8,2.0,3.0,1.36,6.0,1.13,1.83,1.83,1.14,1.25,2.38
ChkJlW5k,2026-02-21,21:00,ARGENTINA 2,Round 2,Chaco For Ever,San Telmo,2.5,2.0,6.0,1.53,2.38,3.5,1.29,11.0,1.05,1.71,3.25,5.25,1.11,6.5,1.5,2.5,2.5,1.5,5.0,1.17,11.0,1.05,2.25,1.57,1.17,1.33,2.0
IRULf3GN,2026-02-21,21:00,BRAZIL CARIOCA,Taca Rio,Boavista,Botafogo RJ,3.22,2.04,3.22,0.0,0.0,0.0,0.0,0.0,0.0,2.56,2.96,2.53,0.0,0.0,0.0,0.0,2.16,1.6,0.0,0.0,0.0,0.0,1.83,1.81,1.41,1.3,1.41
08QK07C7,2026-02-21,21:00,TRINIDAD AND TOBAGO 1,-,Police,Point Fortin,1.69,2.64,7.22,1.2,4.0,2.1,1.64,4.2,1.18,1.23,5.0,8.0,1.01,17.0,1.1,4.7,1.39,2.65,1.96,1.58,3.15,1.27,1.77,1.95,1.06,1.11,2.75
Y1IfvRIb,2026-02-21,21:00,GUATEMALA 1,Clausura,Municipal,Antigua,2.05,2.27,5.3,0.0,0.0,2.55,1.38,0.0,0.0,1.52,3.57,5.2,0.0,0.0,1.25,3.25,1.82,1.78,3.0,1.29,5.3,1.09,1.83,1.78,1.09,1.19,2.1
AeDyPzsI,2026-02-21,21:00,PERU 1,Apertura,Cienciano,Alianza Atl.,1.83,2.5,7.5,1.3,3.4,2.5,1.5,6.0,1.13,1.36,4.33,8.5,1.04,12.0,1.22,4.0,1.7,2.1,2.63,1.44,5.0,1.17,2.0,1.73,1.08,1.2,3.0
fiTBcUcd,2026-02-21,21:00,EL SALVADOR 1,Clausura,Inter F.A,Aguila,3.6,2.1,2.8,1.36,2.88,2.88,1.36,7.0,1.07,3.0,3.2,2.25,1.05,10.0,1.3,3.4,2.0,1.8,3.5,1.29,7.5,1.08,1.73,2.0,1.62,1.25,1.3
0lGcLXk3,2026-02-21,21:00,EL SALVADOR 1,Clausura,Alianza FC,Municipal Limeno,2.3,2.1,4.5,1.36,2.88,2.88,1.36,7.5,1.06,1.73,3.4,4.5,1.05,9.0,1.33,3.25,2.05,1.75,3.5,1.29,8.0,1.07,1.91,1.8,1.17,1.25,2.0
fayHDRo1,2026-02-21,21:00,COSTA RICA 1,Clausura,Sporting FC,Puntarenas FC,2.5,1.95,5.5,1.53,2.38,3.75,1.25,11.0,1.05,1.75,3.0,4.75,1.1,7.0,1.5,2.5,2.6,1.48,5.0,1.17,13.0,1.04,2.25,1.57,1.17,1.33,1.91
AszpXfqo,2026-02-21,21:30,USA 1,-,DC United,Philadelphia Union,3.6,2.25,2.75,1.33,3.25,2.63,1.44,6.5,1.11,3.1,3.7,2.15,1.04,13.0,1.22,4.0,1.75,2.05,2.75,1.4,5.5,1.14,1.62,2.2,1.67,1.29,1.36
44u4H1s0,2026-02-21,21:30,ARGENTINA 1,Apertura,Central Cordoba,Tigre,4.0,1.83,3.4,1.62,2.2,4.0,1.22,13.0,1.04,3.3,2.75,2.5,1.14,5.5,1.57,2.25,2.88,1.4,6.0,1.13,15.0,1.03,2.25,1.57,1.5,1.4,1.33
UD30aNL7,2026-02-21,21:30,USA 1,-,Vancouver Whitecaps,Real Salt Lake,2.1,2.5,4.75,1.29,3.5,2.25,1.57,5.5,1.14,1.62,3.8,5.25,1.03,15.0,1.18,4.5,1.62,2.25,2.5,1.5,4.33,1.2,1.62,2.2,1.17,1.25,2.15
xlSVfbyh,2026-02-21,21:30,USA 1,-,Orlando City,New York Red Bulls,2.5,2.3,4.0,1.33,3.25,2.63,1.44,6.5,1.11,1.91,3.5,4.0,1.04,12.0,1.22,4.0,1.75,2.05,2.75,1.4,5.5,1.14,1.67,2.1,1.22,1.29,1.8
2glX4C5M,2026-02-21,22:00,EL SALVADOR 1,Clausura,Luis Angel Firpo,Hercules,1.57,2.8,8.5,1.22,3.75,2.2,1.62,5.0,1.14,1.2,5.5,11.0,1.01,17.0,1.14,5.5,1.5,2.55,2.38,1.57,4.1,1.22,2.0,1.73,1.03,1.1,4.0
MudOaZ5L,2026-02-21,22:00,MEXICO 1,Clausura,Club Leon,Santos Laguna,2.1,2.5,4.75,1.25,3.75,2.2,1.62,5.0,1.17,1.57,4.2,5.0,1.02,17.0,1.14,5.5,1.53,2.4,2.25,1.57,4.0,1.22,1.57,2.25,1.17,1.22,2.25
tQxefDTr,2026-02-21,22:00,MEXICO 1,Clausura,Necaxa,Toluca,5.0,2.38,2.2,1.33,3.25,2.5,1.5,6.5,1.11,4.75,4.0,1.66,1.04,13.0,1.22,4.0,1.73,2.08,2.75,1.4,5.5,1.14,1.75,2.0,2.1,1.22,1.18
CGqSgGEk,2026-02-21,22:30,HONDURAS 1,Clausura,Choloma,Victoria,3.1,2.2,3.0,1.3,3.2,2.75,1.4,6.0,1.1,2.63,3.3,2.4,1.04,11.0,1.25,3.8,1.87,1.9,3.1,1.36,6.0,1.13,1.62,2.2,1.5,1.25,1.4
QVZmkf5T,2026-02-21,22:30,USA 1,-,Nashville SC,New England Revolution,2.25,2.4,4.33,1.29,3.5,2.25,1.57,5.5,1.14,1.76,3.75,4.33,1.03,15.0,1.17,5.0,1.6,2.3,2.38,1.53,4.33,1.2,1.57,2.25,1.2,1.25,1.95
6TJniGzH,2026-02-21,22:30,USA 1,-,Houston Dynamo,Chicago Fire,3.0,2.3,3.2,1.3,3.4,2.5,1.5,6.0,1.13,2.45,3.5,2.7,1.04,13.0,1.2,4.33,1.7,2.1,2.63,1.44,5.0,1.17,1.57,2.25,1.4,1.29,1.5
M7jnNQDE,2026-02-21,22:30,USA 1,-,FC Dallas,Toronto FC,2.75,2.3,3.6,1.33,3.25,2.63,1.44,6.5,1.11,2.15,3.5,3.2,1.04,12.0,1.22,4.0,1.75,2.05,2.75,1.4,5.5,1.14,1.62,2.2,1.36,1.29,1.67
YFLvgx64,2026-02-21,22:30,USA 1,-,Austin FC,Minnesota United,3.0,2.2,3.5,1.36,3.0,2.75,1.4,8.0,1.08,2.35,3.3,3.0,1.06,10.0,1.29,3.5,1.93,1.88,3.25,1.33,6.5,1.11,1.7,2.05,1.36,1.33,1.53
CvYUZcCT,2026-02-21,22:30,PANAMA 1,Clausura,Plaza Amador,Herrera,1.67,2.5,8.5,1.29,3.3,2.55,1.45,6.5,1.08,1.22,5.0,10.5,1.01,11.0,1.2,4.0,1.73,2.0,2.88,1.36,5.5,1.11,2.25,1.57,1.04,1.13,3.75
MsDsBmuB,2026-02-21,22:30,COLOMBIA 1,Apertura,Inter Bogot,Millonarios,3.75,1.95,3.25,1.53,2.38,3.75,1.25,11.0,1.05,3.1,3.0,2.5,1.11,6.5,1.5,2.5,2.5,1.5,5.0,1.17,11.0,1.05,2.1,1.67,1.5,1.36,1.36
Cf8zZVtJ,2026-02-21,23:00,GUATEMALA 1,Clausura,Guastatoya,Coban Imperial,2.52,2.14,3.94,1.35,2.7,0.0,0.0,0.0,0.0,1.93,3.18,3.38,0.0,0.0,1.28,3.0,1.92,1.68,3.25,1.25,6.0,1.07,1.74,1.87,1.21,1.23,1.65
bsPQpHoT,2026-02-21,23:00,MEXICO 1 WOM,Clausura,Club Tijuana W,Club Leon W,2.52,2.15,3.7,1.25,3.6,2.27,1.45,4.9,1.14,2.0,3.4,3.2,1.01,17.0,1.13,4.55,1.62,2.05,2.33,1.48,4.1,1.16,1.5,2.12,1.29,1.27,1.65
0xbrUnWs,2026-02-21,23:00,COSTA RICA 1,Clausura,Saprissa,Alajuelense,3.0,2.0,4.0,1.5,2.5,3.5,1.29,11.0,1.05,2.15,2.63,3.7,1.1,7.0,1.44,2.63,2.4,1.53,4.33,1.2,11.0,1.05,2.0,1.73,1.25,1.4,1.62
dEQJqYSj,2026-02-21,23:30,USA 1,-,Los Angeles FC,Inter Miami,2.6,2.5,3.5,1.25,3.75,2.2,1.62,5.0,1.17,2.05,3.7,3.25,1.02,17.0,1.14,5.5,1.53,2.4,2.2,1.62,3.75,1.25,1.5,2.5,1.33,1.29,1.7
